study_ID,Study,island_code,island_name,island_area_ha,elevation_m,Taxa,Type of island,dataset_coord_lat_long,island_coord
Andrade_2002,Andrade_2002_data,frag_1,,0.09,,Birds,,"-20.338653, -46.630558",
Andrade_2002,Andrade_2002_data,frag_4,,0.16,,Birds,,"-20.338653, -46.630558",
Andrade_2002,Andrade_2002_data,frag_2,,0.17,,Birds,,"-20.338653, -46.630558",
Andrade_2002,Andrade_2002_data,frag_3,,0.27,,Birds,,"-20.338653, -46.630558",
Andrade_2002,Andrade_2002_data,frag_10,,0.36,,Birds,,"-20.338653, -46.630558",
Andrade_2002,Andrade_2002_data,frag_5,,0.41,,Birds,,"-20.338653, -46.630558",
Andrade_2002,Andrade_2002_data,frag_14,,0.53,,Birds,,"-20.338653, -46.630558",
Andrade_2002,Andrade_2002_data,frag_6_7_8,,0.55,,Birds,,"-20.338653, -46.630558",
Andrade_2002,Andrade_2002_data,frag_9,,0.6,,Birds,,"-20.338653, -46.630558",
Andrade_2002,Andrade_2002_data,frag_13,,0.76,,Birds,,"-20.338653, -46.630558",
Andrade_2002,Andrade_2002_data,frag_12,,1.01,,Birds,,"-20.338653, -46.630558",
Andrade_2002,Andrade_2002_data,frag_11,,1.02,,Birds,,"-20.338653, -46.630558",
As_1984,As_1984_data,OK,,0.5,,Beetles,,"59.64384,19.03037",
As_1984,As_1984_data,D,,2.1,,Beetles,,"59.64384,19.03037",
As_1984,As_1984_data,T,,2.3,,Beetles,,"59.64384,19.03037",
As_1984,As_1984_data,G,,2.7,,Beetles,,"59.64384,19.03037",
As_1984,As_1984_data,H,,3.1,,Beetles,,"59.64384,19.03037",
As_1984,As_1984_data,V,,18,,Beetles,,"59.64384,19.03037",
As_1984,As_1984_data,A,,38,,Beetles,,"59.64384,19.03037",
As_1984,As_1984_data,S,,53,,Beetles,,"59.64384,19.03037",
As_1984,As_1984_data,R,,81,,Beetles,,"59.64384,19.03037",
As_1984,As_1984_data,N,,160,,Beetles,,"59.64384,19.03037",
Barun_2010,Barun_2010_data,Brac,,5300,,"Reptiles, snakes, turtles and amphibians",,"43.323437, 16.642190",
Barun_2010,Barun_2010_data,Mljet,,10000,,"Reptiles, snakes, turtles and amphibians",,"42.760984, 17.513785",
Barun_2010,Barun_2010_data,Dugi Otok,,11400,,"Reptiles, snakes, turtles and amphibians",,"43.992647, 15.091194",
Barun_2010,Barun_2010_data,Korcula,,27000,,"Reptiles, snakes, turtles and amphibians",,"42.948699, 16.888885",
Barun_2010,Barun_2010_data,Hvar,,29900,,"Reptiles, snakes, turtles and amphibians",,"43.190562, 16.656577",
Barun_2010,Barun_2010_data,Lastovo,,39400,,"Reptiles, snakes, turtles and amphibians",,"42.754356, 16.875812",
Bell_2017,Bell_2017_data,EW,,0.2,,Beetles,,"55.083247, -104.898828",
Bell_2017,Bell_2017_data,FI,,0.3,,Beetles,,"55.083247, -104.898828",
Bell_2017,Bell_2017_data,HB,,0.5,,Beetles,,"55.083247, -104.898828",
Bell_2017,Bell_2017_data,LG,,0.6,,Beetles,,"55.083247, -104.898828",
Bell_2017,Bell_2017_data,AL,,0.7,,Beetles,,"55.083247, -104.898828",
Bell_2017,Bell_2017_data,GL,,0.7,,Beetles,,"55.083247, -104.898828",
Bell_2017,Bell_2017_data,CI,,1.2,,Beetles,,"55.083247, -104.898828",
Bell_2017,Bell_2017_data,CU,,1.5,,Beetles,,"55.083247, -104.898828",
Bell_2017,Bell_2017_data,RI,,1.6,,Beetles,,"55.083247, -104.898828",
Bell_2017,Bell_2017_data,RB,,2.5,,Beetles,,"55.083247, -104.898828",
Bell_2017,Bell_2017_data,FU,,2.6,,Beetles,,"55.083247, -104.898828",
Bell_2017,Bell_2017_data,CD,,3.2,,Beetles,,"55.083247, -104.898828",
Bell_2017,Bell_2017_data,KS,,3.4,,Beetles,,"55.083247, -104.898828",
Bell_2017,Bell_2017_data,MT,,7.5,,Beetles,,"55.083247, -104.898828",
Bell_2017,Bell_2017_data,SD,,8.2,,Beetles,,"55.083247, -104.898828",
Bell_2017,Bell_2017_data,DG,,10.3,,Beetles,,"55.083247, -104.898828",
Bell_2017,Bell_2017_data,LO,,15.1,,Beetles,,"55.083247, -104.898828",
Bell_2017,Bell_2017_data,NC,,19.3,,Beetles,,"55.083247, -104.898828",
Bell_2017,Bell_2017_data,TB,,19.5,,Beetles,,"55.083247, -104.898828",
Bell_2017,Bell_2017_data,CC,,21.1,,Beetles,,"55.083247, -104.898828",
Bell_2017,Bell_2017_data,LQ,,26.9,,Beetles,,"55.083247, -104.898828",
Bell_2017,Bell_2017_data,KD,,29.4,,Beetles,,"55.083247, -104.898828",
Bell_2017,Bell_2017_data,NT,,43.2,,Beetles,,"55.083247, -104.898828",
Bell_2017,Bell_2017_data,UK,,124.3,,Beetles,,"55.083247, -104.898828",
Bell_2017,Bell_2017_data,JO,,130.2,,Beetles,,"55.083247, -104.898828",
Bell_2017,Bell_2017_data,LV,,169.1,,Beetles,,"55.083247, -104.898828",
Bell_2017,Bell_2017_data,BR,,255.1,,Beetles,,"55.083247, -104.898828",
Bell_2017,Bell_2017_data,LZ,,289.2,,Beetles,,"55.083247, -104.898828",
Bell_2017,Bell_2017_data,ROSS,,534.8,,Beetles,,"55.083247, -104.898828",
Bell_2017,Bell_2017_data,BI,,980.7,,Beetles,,"55.083247, -104.898828",
Borges_2017,Borges_2017_data,Saomiguel,,96.89,,Beetles,,"39.260818,-30.647224",
Borges_2017,Borges_2017_data,Flores,,143,,Beetles,,"39.260818,-30.647224",
Borges_2017,Borges_2017_data,Faial,,173.1,,Beetles,,"39.260818,-30.647224",
Borges_2017,Borges_2017_data,Santamaria,,243.65,,Beetles,,"39.260818,-30.647224",
Borges_2017,Borges_2017_data,Terceira,,400.6,,Beetles,,"39.260818,-30.647224",
Borges_2017,Borges_2017_data,Pico,,447,,Beetles,,"39.260818,-30.647224",
Borges_2017,Borges_2017_data,Saojorge,,744.55,,Beetles,,"39.260818,-30.647224",
Buden_2000,Buden_2000_data,SA,,8.66,,Reptiles,,,
Buden_2000,Buden_2000_data,NL,,10,,Reptiles,,,
Buden_2000,Buden_2000_data,NP,,10.86,,Reptiles,,,
Buden_2000,Buden_2000_data,LN,,37.3,,Reptiles,,,
Buden_2000,Buden_2000_data,MI,,74.78,,Reptiles,,,
Buden_2000,Buden_2000_data,MX,,90.58,,Reptiles,,,
Buden_2000,Buden_2000_data,TK,,118.94,,Reptiles,,,
Buden_2000,Buden_2000_data,PA,,216.17,,Reptiles,,,
Buden_2000,Buden_2000_data,DP,,245.79,,Reptiles,,,
Buden_2000,Buden_2000_data,TM,,310.21,,Reptiles,,,
Buden_2000,Buden_2000_data,NA,,,,Reptiles,,,
Buden_2015,Buden_2015_data,Mutukun (Mutukun),,0.1,,Reptiles,,,
Buden_2015,Buden_2015_data,Fenat (Faleat),,0.2,,Reptiles,,,
Buden_2015,Buden_2015_data,Feinif (Feinif ),,0.2,,Reptiles,,,
Buden_2015,Buden_2015_data,Onanam (Onnaram),,0.3,,Reptiles,,,
Buden_2015,Buden_2015_data,Etesich (Tako),,0.4,,Reptiles,,,
Buden_2015,Buden_2015_data,Osan (Ozen),,0.4,,Reptiles,,,
Buden_2015,Buden_2015_data,Ouu (Eo),,0.4,,Reptiles,,,
Buden_2015,Buden_2015_data,Piiekefisd,,0.5,,Reptiles,,,
Buden_2015,Buden_2015_data,Ettekin (Atkin),,1,,Reptiles,,,
Buden_2015,Buden_2015_data,Fenaik ( Lauvergne),,1.2,,Reptiles,,,
Buden_2015,Buden_2015_data,Fanonuk ( Hecq),,1.6,,Reptiles,,,
Buden_2015,Buden_2015_data,Natchu ( Nottu),,2,,Reptiles,,,
Buden_2015,Buden_2015_data,Fananoon (Fananan),,4.1,,Reptiles,,,
Buden_2015,Buden_2015_data,Fonou (Faneu),,5.1,,Reptiles,,,
Buden_2015,Buden_2015_data,Upwuht ( Uput),,7.9,,Reptiles,,,
Buden_2015,Buden_2015_data,Ipis (South Island),,10.1,,Reptiles,,,
Buden_2015,Buden_2015_data,Wininen ( Udidan),,11.3,,Reptiles,,,
Buden_2015,Buden_2015_data,Pwenes (Pones),,17.2,,Reptiles,,,
Buden_2015,Buden_2015_data,Salat (Salat),,24.2,,Reptiles,,,
Buden_2015,Buden_2015_data,Otcha (Otta),,25,,Reptiles,,,
Buden_2015,Buden_2015_data,Fenepi (Givry),,36.3,,Reptiles,,,
Buden_2015,Buden_2015_data,Wissas ( Uijec),,40.5,,Reptiles,,,
Buden_2015,Buden_2015_data,Fanahn (Fanan),,46.5,,Reptiles,,,
Buden_2015,Buden_2015_data,Meseong (Mesegon),,84.8,,Reptiles,,,
Buden_2015,Buden_2015_data,Uman ( Uman),,470.2,,Reptiles,,,
Burbrink_2015,Burbrink_2015_data,Fire_Island_NY,,2264,,,,,
Burbrink_2015,Burbrink_2015_data,Fort_Matanzas_FL(FLMN),,,,,,,
Burbrink_2015,Burbrink_2015_data,Sapelo_Island_GA,,,,,,,
Burbrink_2015,Burbrink_2015_data,Nantucket_MA,,,,,,,
Burbrink_2015,Burbrink_2015_data,Nomans_Land_MA,,,,,,,
Burbrink_2015,Burbrink_2015_data,Long_Island_NY,,,,,,,
Burbrink_2015,Burbrink_2015_data,Staten_Island_NY,,,,,,,
Burbrink_2015,Burbrink_2015_data,Prudence_Island_RI,,,,,,,
Burbrink_2015,Burbrink_2015_data,Block_Island_RI,,,,,,,
Burbrink_2015,Burbrink_2015_data,Assateaugue_VA,,,,,,,
Burbrink_2015,Burbrink_2015_data,Chincoteague_VA,,,,,,,
Burbrink_2015,Burbrink_2015_data,Wallops_VA,,,,,,,
Burbrink_2015,Burbrink_2015_data,Parramore_VA,,,,,,,
Burbrink_2015,Burbrink_2015_data,Revel_VA,,,,,,,
Burbrink_2015,Burbrink_2015_data,Hog_VA,,,,,,,
Burbrink_2015,Burbrink_2015_data,Cobb_VA,,,,,,,
Burbrink_2015,Burbrink_2015_data,Wreck_VA,,,,,,,
Burbrink_2015,Burbrink_2015_data,Myrtle_VA,,,,,,,
Burbrink_2015,Burbrink_2015_data,Smith_VA,,,,,,,
Burbrink_2015,Burbrink_2015_data,Fisherman_VA,,,,,,,
Burbrink_2015,Burbrink_2015_data,Bald_Head_NC,,,,,,,
Burbrink_2015,Burbrink_2015_data,St.Catherines_GA,,,,,,,
Burbrink_2015,Burbrink_2015_data,Blackbeard_GA,,,,,,,
Burbrink_2015,Burbrink_2015_data,Jekyll_GA,,,,,,,
Burbrink_2015,Burbrink_2015_data,Cumberland_GA,,,,,,,
Burbrink_2015,Burbrink_2015_data,Ossabaw_GA,,,,,,,
Burbrink_2015,Burbrink_2015_data,Tybee_GA,,,,,,,
Burbrink_2015,Burbrink_2015_data,Wassaw_GA,,,,,,,
Burbrink_2015,Burbrink_2015_data,St.Simmons_GA,,,,,,,
Burbrink_2015,Burbrink_2015_data,Little_St._Simmons_GA,,,,,,,
Burbrink_2015,Burbrink_2015_data,Key_Biscayne_FL,,,,,,,
Burbrink_2015,Burbrink_2015_data,Roanoke_Island_NC,,,,,,,
Burbrink_2015,Burbrink_2015_data,Bodie_NC,,,,,,,
Burbrink_2015,Burbrink_2015_data,Hatteras_IS_NC,,,,,,,
Burbrink_2015,Burbrink_2015_data,Isle_of_the_Palms_SC,,,,,,,
Burbrink_2015,Burbrink_2015_data,Sanibel_Island_FL,,,,,,,
Burbrink_2015,Burbrink_2015_data,StVincent_NWR_FL,,,,,,,
Burbrink_2015,Burbrink_2015_data,Dauphin_AL,,,,,,,
Burbrink_2015,Burbrink_2015_data,Padre_IS_Seashore_TX,,,,,,,
Burbrink_2015,Burbrink_2015_data,Horn_MS,,,,,,,
Burbrink_2015,Burbrink_2015_data,Cat_Island_MS,,,,,,,
Burbrink_2015,Burbrink_2015_data,West_Ship_MS,,,,,,,
Burbrink_2015,Burbrink_2015_data,East_Ship_MS,,,,,,,
Burbrink_2015,Burbrink_2015_data,Petit_Bois_MS,,,,,,,
Burbrink_2015,Burbrink_2015_data,Perdido_Key_FL,,,,,,,
Burbrink_2015,Burbrink_2015_data,Santa_Rosa_FL,,,,,,,
Burbrink_2015,Burbrink_2015_data,Big_Pine_Key_FL,,,,,,,
Burbrink_2015,Burbrink_2015_data,Marthas_Vineyard_MA,,,,,,,
Burbrink_2015,Burbrink_2015_data,Seahorse_Key_FL,,,,,,,
Burbrink_2015,Burbrink_2015_data,Egmont_Key_FL,,,,,,,
Burbrink_2015,Burbrink_2015_data,Ocrakcoke_NC,,,,,,,
Burbrink_2015,Burbrink_2015_data,Shackelford_Banks_NC,,,,,,,
Burbrink_2015,Burbrink_2015_data,Kiawah_SC,,,,,,,
Burbrink_2015,Burbrink_2015_data,Capers_SC,,,,,,,
Choi_2011,Choi_2011_data,G1,,7,,Moths,,,
Choi_2011,Choi_2011_data,B2,,27,,Moths,,,
Choi_2011,Choi_2011_data,B1,,45,,Moths,,,
Choi_2011,Choi_2011_data,G2,,77.8,,Moths,,,
Choi_2011,Choi_2011_data,S3,,146,,Moths,,,
Choi_2011,Choi_2011_data,H1,,161,,Moths,,,
Choi_2011,Choi_2011_data,B4,,168,,Moths,,,
Choi_2011,Choi_2011_data,J4,,169,,Moths,,,
Choi_2011,Choi_2011_data,J5,,173,,Moths,,,
Choi_2011,Choi_2011_data,H3,,220,,Moths,,,
Choi_2011,Choi_2011_data,J3,,282,,Moths,,,
Choi_2011,Choi_2011_data,J2,,283,,Moths,,,
Choi_2011,Choi_2011_data,H2,,334,,Moths,,,
Choi_2011,Choi_2011_data,J1,,340,,Moths,,,
Choi_2011,Choi_2011_data,S2,,354,,Moths,,,
Choi_2011,Choi_2011_data,B3,,426,,Moths,,,
Choi_2011,Choi_2011_data,S1,,583,,Moths,,,
Davidar_2001,Davidar_2001_data,Grub,Grub,3,,Birds,,,
Davidar_2001,Davidar_2001_data,Egg,Egg,6,,Birds,,,
Davidar_2001,Davidar_2001_data,Temple,Temple,6,,Birds,,,
Davidar_2001,Davidar_2001_data,Curlew,Curlew,7,,Birds,,,
Davidar_2001,Davidar_2001_data,Chester,Chester,9,,Birds,,,
Davidar_2001,Davidar_2001_data,Jolly Buoy,Jolly Buoy,12,,Birds,,,
Davidar_2001,Davidar_2001_data,Turtle,Turtle,13,,Birds,,,
Davidar_2001,Davidar_2001_data,Snob,Snob,22,,Birds,,,
Davidar_2001,Davidar_2001_data,Aves,Aves,25,,Birds,,,
Davidar_2001,Davidar_2001_data,North Button,North Button,25,,Birds,,,
Davidar_2001,Davidar_2001_data,Pocock,Pocock,25,,Birds,,,
Davidar_2001,Davidar_2001_data,Ross (NA),Ross (NA),28,,Birds,,,
Davidar_2001,Davidar_2001_data,Excelsior,Excelsior,40,,Birds,,,
Davidar_2001,Davidar_2001_data,Delgarno,Delgarno,50,,Birds,,,
Davidar_2001,Davidar_2001_data,Reef,Reef,60,,Birds,,,
Davidar_2001,Davidar_2001_data,Sir Hugh Rose,Sir Hugh Rose,60,,Birds,,,
Davidar_2001,Davidar_2001_data,Malay,Malay,70,,Birds,,,
Davidar_2001,Davidar_2001_data,Point,Point,80,,Birds,,,
Davidar_2001,Davidar_2001_data,Guitar,Guitar,100,,Birds,,,
Davidar_2001,Davidar_2001_data,Inglis,Inglis,140,,Birds,,,
Davidar_2001,Davidar_2001_data,East,East,300,,Birds,,,
Davidar_2001,Davidar_2001_data,Redskin,Redskin,330,,Birds,,,
Davidar_2001,Davidar_2001_data,North Reef,North Reef,340,,Birds,,,
Davidar_2001,Davidar_2001_data,Alexandria,Alexandria,360,,Birds,,,
Davidar_2001,Davidar_2001_data,Tarmugli,Tarmugli,1150,,Birds,,,
Davidar_2001,Davidar_2001_data,Sound,Sound,1270,,Birds,,,
Davidar_2001,Davidar_2001_data,Landfall,Landfall,1300,,Birds,,,
Davidar_2001,Davidar_2001_data,North Passage,North Passage,1300,,Birds,,,
Davidar_2001,Davidar_2001_data,Long,Long,1400,,Birds,,,
Davidar_2001,Davidar_2001_data,Wilson,Wilson,1400,,Birds,,,
Davidar_2001,Davidar_2001_data,Peel,Peel,2300,,Birds,,,
Davidar_2001,Davidar_2001_data,John Lawrence,John Lawrence,3500,,Birds,,,
Davidar_2001,Davidar_2001_data,Havelock,Havelock,9200,,Birds,,,
Davidar_2001,Davidar_2001_data,Rutland,Rutland,11600,,Birds,,,
Davidar_2001,Davidar_2001_data,Baratang,Baratang,23000,,Birds,,,
Davidar_2001,Davidar_2001_data,Little Andaman,Little Andaman,67500,,Birds,,,
Davidar_2001,Davidar_2001_data,North Andamans,North Andamans,112800,,Birds,,,
Davidar_2001,Davidar_2001_data,South Andamans,South Andamans,134800,,Birds,,,
Devy_1998,Devy_1998_data,Grub,Grub,3,,Butterflies,,,
Devy_1998,Devy_1998_data,Chester,Chester,9,,Butterflies,,,
Devy_1998,Devy_1998_data,Jolly Buoy,Jolly Buoy,12,,Butterflies,,,
Devy_1998,Devy_1998_data,Snob,Snob,22,,Butterflies,,,
Devy_1998,Devy_1998_data,Malay,Malay,70,,Butterflies,,,
Devy_1998,Devy_1998_data,Redskin,Redskin,330,,Butterflies,,,
Devy_1998,Devy_1998_data,Alexandria,Alexandria,360,,Butterflies,,,
Devy_1998,Devy_1998_data,Tarmugli,Tarmugli,1150,,Butterflies,,,
Devy_1998,Devy_1998_data,Rutland,Rutland,11600,,Butterflies,,,
Devy_1998,Devy_1998_data,Little Andaman,Little Andaman,67500,,Butterflies,,,
Devy_1998,Devy_1998_data,South Andamans,South Andamans,134800,,Butterflies,,,
Ding_2013,Ding_2013_data,code_41,,0.3,,,,,
Ding_2013,Ding_2013_data,code_40,,0.57,,,,,
Ding_2013,Ding_2013_data,code_38,,0.59,,,,,
Ding_2013,Ding_2013_data,code_39,,0.59,,,,,
Ding_2013,Ding_2013_data,code_37,,0.67,,,,,
Ding_2013,Ding_2013_data,code_36,,0.73,,,,,
Ding_2013,Ding_2013_data,code_34,,0.8,,,,,
Ding_2013,Ding_2013_data,code_35,,0.8,,,,,
Ding_2013,Ding_2013_data,code_32,,0.83,,,,,
Ding_2013,Ding_2013_data,code_33,,0.83,,,,,
Ding_2013,Ding_2013_data,code_31,,0.86,,,,,
Ding_2013,Ding_2013_data,code_30,,0.91,,,,,
Ding_2013,Ding_2013_data,code_29,,0.96,,,,,
Ding_2013,Ding_2013_data,code_28,,0.97,,,,,
Ding_2013,Ding_2013_data,code_26,,1.01,,,,,
Ding_2013,Ding_2013_data,code_27,,1.01,,,,,
Ding_2013,Ding_2013_data,code_25,,1.03,,,,,
Ding_2013,Ding_2013_data,code_24,,1.15,,,,,
Ding_2013,Ding_2013_data,code_23,,1.17,,,,,
Ding_2013,Ding_2013_data,code_21,,1.2,,,,,
Ding_2013,Ding_2013_data,code_22,,1.2,,,,,
Ding_2013,Ding_2013_data,code_20,,1.26,,,,,
Ding_2013,Ding_2013_data,code_19,,1.4,,,,,
Ding_2013,Ding_2013_data,code_17,,1.52,,,,,
Ding_2013,Ding_2013_data,code_18,,1.52,,,,,
Ding_2013,Ding_2013_data,code_16,,1.54,,,,,
Ding_2013,Ding_2013_data,code_15,,1.74,,,,,
Ding_2013,Ding_2013_data,code_14,,1.93,,,,,
Ding_2013,Ding_2013_data,code_13,,2,,,,,
Ding_2013,Ding_2013_data,code_12,,2.23,,,,,
Ding_2013,Ding_2013_data,code_11,,2.29,,,,,
Ding_2013,Ding_2013_data,code_10,,2.83,,,,,
Ding_2013,Ding_2013_data,code_9,,2.9,,,,,
Ding_2013,Ding_2013_data,code_8,,3.42,,,,,
Ding_2013,Ding_2013_data,code_7,,5.69,,,,,
Ding_2013,Ding_2013_data,code_6,,32.29,,,,,
Ding_2013,Ding_2013_data,code_5,,35.64,,,,,
Ding_2013,Ding_2013_data,code_4,,46.37,,,,,
Ding_2013,Ding_2013_data,code_3,,55.08,,,,,
Ding_2013,Ding_2013_data,code_2,,109.03,,,,,
Ding_2013,Ding_2013_data,code_1,,143.19,,,,,
Dueser_1979,Dueser_1979_data,Wreck,,,,Mammals,Barrier,,
Dueser_1979,Dueser_1979_data,Hog,,,,Mammals,Barrier,,
Dueser_1979,Dueser_1979_data,Parramore,,,,Mammals,Barrier,,
Dueser_1979,Dueser_1979_data,Revel,,,,Mammals,Bayside,,
Dueser_1979,Dueser_1979_data,Cobb,,,,Mammals,Barrier,,
Dueser_1979,Dueser_1979_data,Myrtle,,,,Mammals,Barrier,,
Dueser_1979,Dueser_1979_data,Mink,,,,Mammals,Marsh,,
Dueser_1979,Dueser_1979_data,Smith,,,,Mammals,Barrier,,
Dueser_1979,Dueser_1979_data,Skidmore,,,,Mammals,Marsh,,
Dueser_1979,Dueser_1979_data,Racoon,,,,Mammals,Bayside,,
Evans_2016,Evans_2016_data,Verronge,,0.47,,Birds,,,
Evans_2016,Evans_2016_data,Baleine,,1.47,,Birds,,,
Evans_2016,Evans_2016_data,Avocaire,,2,,Birds,,,
Evans_2016,Evans_2016_data,ile Raphael,,3.448,,Birds,,,
Evans_2016,Evans_2016_data,Sirene,,8.18,,Birds,,,
Evans_2016,Evans_2016_data,ile Tortue,,13,,Birds,,,
Evans_2016,Evans_2016_data,ile du Sud,,13.85,,Birds,,,
Evans_2016,Evans_2016_data,Fregate,,16.12,,Birds,,,
Evans_2016,Evans_2016_data,ile Longue North,,17.9,,Birds,,,
Evans_2016,Evans_2016_data,Perle,,18.6,,Birds,,,
Evans_2016,Evans_2016_data,ile Cocos,,50,,Birds,,,
Evans_2016,Evans_2016_data,Albatross Islans,,101,,Birds,,,
Evans_2016,Evans_2016_data,Chaloupe,,146,,Birds,,,
Evans_2016,Evans_2016_data,ile Longue,,,,Birds,,,
Evans_2016,Evans_2016_data,Loup Garou,,,,Birds,,,
Evans_2016,Evans_2016_data,Petit Capitaine,,,,Birds,,,
Evans_2016,Evans_2016_data,Digier,,,,Birds,,,
Evans_2016,Evans_2016_data,Roseate Island,,,,Birds,,,
Evans_2016,Evans_2016_data,La Derive,,,,Birds,,,
Evans_2016,Evans_2016_data,Bouquet,,,,Birds,,,
Evans_2016,Evans_2016_data,Petit Raphael South,,,,Birds,,,
Evans_2016,Evans_2016_data,Petit Raphael North,,,,Birds,,,
Evans_2016,Evans_2016_data,Poulailler,,,,Birds,,,
Evans_2016,Evans_2016_data,Grand Capitaine,,,,Birds,,,
Evans_2016,Evans_2016_data,ile Paul,,,,Birds,,,
Evans_2016,Evans_2016_data,Puits a Eau,,,,Birds,,,
Evans_2016,Evans_2016_data,Petit Dagorne,,,,Birds,,,
Evans_2016,Evans_2016_data,Grand Dagorne,,,,Birds,,,
Evans_2016,Evans_2016_data,Grand Dagorne South,,,,Birds,,,
Evans_2016,Evans_2016_data,Courson,,,,Birds,,,
Ford_1987,Ford_1987_data,1.0,,0.14,,,,,
Ford_1987,Ford_1987_data,2.0,,0.32,,,,,
Ford_1987,Ford_1987_data,3.0,,0.42,,,,,
Ford_1987,Ford_1987_data,4.0,,0.53,,,,,
Ford_1987,Ford_1987_data,5.0,,0.66,,,,,
Ford_1987,Ford_1987_data,6.0,,0.68,,,,,
Ford_1987,Ford_1987_data,7.0,,0.7,,,,,
Ford_1987,Ford_1987_data,8.0,,0.7,,,,,
Ford_1987,Ford_1987_data,9.0,,0.73,,,,,
Ford_1987,Ford_1987_data,10.0,,0.93,,,,,
Ford_1987,Ford_1987_data,11.0,,1.2,,,,,
Ford_1987,Ford_1987_data,12.0,,1.3,,,,,
Ford_1987,Ford_1987_data,13.0,,1.7,,,,,
Ford_1987,Ford_1987_data,14.0,,1.9,,,,,
Ford_1987,Ford_1987_data,15.0,,2.4,,,,,
Ford_1987,Ford_1987_data,16.0,,2.4,,,,,
Ford_1987,Ford_1987_data,17.0,,2.9,,,,,
Ford_1987,Ford_1987_data,18.0,,3.7,,,,,
Ford_1987,Ford_1987_data,19.0,,6.9,,,,,
Ford_1987,Ford_1987_data,20.0,,18,,,,,
Hahn_Rmer_Schlatter_2006,Hahn_Rmer_Schlatter_2006_data,Avenida de las Capras,Avenida de las Capras,,,,,,
Hahn_Rmer_Schlatter_2006,Hahn_Rmer_Schlatter_2006_data,Beach_Posa Q. Vaca,Beach_Posa Q. Vaca,,,,,,
Hahn_Rmer_Schlatter_2006,Hahn_Rmer_Schlatter_2006_data,El Puente_La Punta,El Puente_La Punta,,,,,,
Hahn_Rmer_Schlatter_2006,Hahn_Rmer_Schlatter_2006_data,La Punta_El Puente,La Punta_El Puente,,,,,,
Hahn_Rmer_Schlatter_2006,Hahn_Rmer_Schlatter_2006_data,La Punta_Villagra,La Punta_Villagra,,,,,,
Hahn_Rmer_Schlatter_2006,Hahn_Rmer_Schlatter_2006_data,Lager_Pico Inocentes,Lager_Pico Inocentes,,,,,,
Hahn_Rmer_Schlatter_2006,Hahn_Rmer_Schlatter_2006_data,Las Casas_P. Grande,Las Casas_P. Grande,,,,,,
Hahn_Rmer_Schlatter_2006,Hahn_Rmer_Schlatter_2006_data,Mirador_S. J. Bautista,Mirador_S. J. Bautista,,,,,,
Hahn_Rmer_Schlatter_2006,Hahn_Rmer_Schlatter_2006_data,P. Frances _ Pied. Agu.,P. Frances _ Pied. Agu.,,,,,,
Hahn_Rmer_Schlatter_2006,Hahn_Rmer_Schlatter_2006_data,P. Ingles_Cerro Alto,P. Ingles_Cerro Alto,,,,,,
Hahn_Rmer_Schlatter_2006,Hahn_Rmer_Schlatter_2006_data,P. Ingles_La Pichuoa,P. Ingles_La Pichuoa,,,,,,
Hahn_Rmer_Schlatter_2006,Hahn_Rmer_Schlatter_2006_data,P. Inocentes westward,P. Inocentes westward,,,,,,
Hahn_Rmer_Schlatter_2006,Hahn_Rmer_Schlatter_2006_data,Plazoleta_El Yunque,Plazoleta_El Yunque,,,,,,
Hahn_Rmer_Schlatter_2006,Hahn_Rmer_Schlatter_2006_data,Plazoleta_S. J. Bautista,Plazoleta_S. J. Bautista,,,,,,
Hahn_Rmer_Schlatter_2006,Hahn_Rmer_Schlatter_2006_data,Plazoleta_Yunque,Plazoleta_Yunque,,,,,,
Hahn_Rmer_Schlatter_2006,Hahn_Rmer_Schlatter_2006_data,Q. Casas_Lager,Q. Casas_Lager,,,,,,
Hahn_Rmer_Schlatter_2006,Hahn_Rmer_Schlatter_2006_data,Q. Vacas_Vista Loberia,Q. Vacas_Vista Loberia,,,,,,
Hahn_Rmer_Schlatter_2006,Hahn_Rmer_Schlatter_2006_data,S. J. Bautista_Mirador,S. J. Bautista_Mirador,,,,,,
Hahn_Rmer_Schlatter_2006,Hahn_Rmer_Schlatter_2006_data,S. J. Bautista_Plazoleta,S. J. Bautista_Plazoleta,,,,,,
Hahn_Rmer_Schlatter_2006,Hahn_Rmer_Schlatter_2006_data,San Juan Bautista,San Juan Bautista,,,,,,
Hamza_2018,Hamza_2018_data,Pulau Lanting,,1,,,,,
Hamza_2018,Hamza_2018_data,Tokong Sangol,,1,,,,,
Hamza_2018,Hamza_2018_data,Tokong Raket,,1,,,,,
Hamza_2018,Hamza_2018_data,Tokong Belalai,,1,,,,,
Hamza_2018,Hamza_2018_data,Tokong Cupak,,1,,,,,
Hamza_2018,Hamza_2018_data,Tokong Yu,,1,,,,,
Hamza_2018,Hamza_2018_data,Tokong Chondong,,2,,,,,
Hamza_2018,Hamza_2018_data,Pulau Kukus,,3,,,,,
Hamza_2018,Hamza_2018_data,Pulau Lima Kecil and Lima Besar,,14,,,,,
Hamza_2018,Hamza_2018_data,Pulau Menting Nangka Kecil Nangka Besar,,15,,,,,
Hamza_2018,Hamza_2018_data,Pulau Ibol and Pulau Penyambong,,19,,,,,
Hamza_2018,Hamza_2018_data,Tokong Gantang,,,,,,,
Jonsson_2011,Jonsson_2011_data,U33,,0.02,,Birds,,,
Jonsson_2011,Jonsson_2011_data,H45,,0.03,,Birds,,,
Jonsson_2011,Jonsson_2011_data,U105,,0.03,,Birds,,,
Jonsson_2011,Jonsson_2011_data,H43,,0.05,,Birds,,,
Jonsson_2011,Jonsson_2011_data,U48,,0.05,,Birds,,,
Jonsson_2011,Jonsson_2011_data,U104,,0.05,,Birds,,,
Jonsson_2011,Jonsson_2011_data,UA,,0.08,,Birds,,,
Jonsson_2011,Jonsson_2011_data,U37,,0.09,,Birds,,,
Jonsson_2011,Jonsson_2011_data,H24,,0.1,,Birds,,,
Jonsson_2011,Jonsson_2011_data,U45,,0.1,,Birds,,,
Jonsson_2011,Jonsson_2011_data,UB,,0.13,,Birds,,,
Jonsson_2011,Jonsson_2011_data,H47,,0.15,,Birds,,,
Jonsson_2011,Jonsson_2011_data,H37,,0.25,,Birds,,,
Jonsson_2011,Jonsson_2011_data,H44,,0.3,,Birds,,,
Jonsson_2011,Jonsson_2011_data,U36,,0.3,,Birds,,,
Jonsson_2011,Jonsson_2011_data,H27,,0.4,,Birds,,,
Jonsson_2011,Jonsson_2011_data,U49,,0.4,,Birds,,,
Jonsson_2011,Jonsson_2011_data,H7,,0.5,,Birds,,,
Jonsson_2011,Jonsson_2011_data,U59,,0.6,,Birds,,,
Jonsson_2011,Jonsson_2011_data,U102,,0.9,,Birds,,,
Jonsson_2011,Jonsson_2011_data,U52,,1,,Birds,,,
Jonsson_2011,Jonsson_2011_data,UD,,1.5,,Birds,,,
Jonsson_2011,Jonsson_2011_data,U58,,1.5,,Birds,,,
Jonsson_2011,Jonsson_2011_data,H28,,2,,Birds,,,
Jonsson_2011,Jonsson_2011_data,H9,,2,,Birds,,,
Jonsson_2011,Jonsson_2011_data,H46,,2,,Birds,,,
Jonsson_2011,Jonsson_2011_data,U60,,3,,Birds,,,
Jonsson_2011,Jonsson_2011_data,H12,,8,,Birds,,,
Jonsson_2011,Jonsson_2011_data,H55,,12,,Birds,,,
Jonsson_2011,Jonsson_2011_data,H32,,15,,Birds,,,
Karger_2014,Karger_2014_data,Camiguin,,23800,,Ferns,,,
Karger_2014,Karger_2014_data,Sibuyan,,44500,,Ferns,,,
Karger_2014,Karger_2014_data,Tidore,,155000,,Ferns,,,
Karger_2014,Karger_2014_data,Bacan,,190000,,Ferns,,,
Karger_2014,Karger_2014_data,Lombok,,451400,,Ferns,,,
Karger_2014,Karger_2014_data,Buru,,950500,,Ferns,,,
Karger_2014,Karger_2014_data,Panay,,1201100,,Ferns,,,
Karger_2014,Karger_2014_data,Seram,,1710000,,Ferns,,,
Karger_2014,Karger_2014_data,Taiwan,,3619300,,Ferns,,,
Karger_2014,Karger_2014_data,Kyushu,,3675300,,Ferns,,,
Karger_2014,Karger_2014_data,Hokkaido,,8345400,,Ferns,,,
Karger_2014,Karger_2014_data,Mindanao,,9753000,,Ferns,,,
Karger_2014,Karger_2014_data,Luzon,,10996500,,Ferns,,,
Karger_2014,Karger_2014_data,Sulawesi,,17460000,,Ferns,,,
Karger_2014,Karger_2014_data,Papua,,42054000,,Ferns,,,
Karger_2014,Karger_2014_data,Hamiguitan,,,,Ferns,,,
Karger_2014,Karger_2014_data,Nishikoma,,,,Ferns,,,
Kotze_2000,Kotze_2000_data,island12,,0.5,,Beetles,,,
Kotze_2000,Kotze_2000_data,island10,,0.6,,Beetles,,,
Kotze_2000,Kotze_2000_data,island19,,1.1,,Beetles,,,
Kotze_2000,Kotze_2000_data,island13,,3.2,,Beetles,,,
Kotze_2000,Kotze_2000_data,island6,,5.4,,Beetles,,,
Kotze_2000,Kotze_2000_data,island11,,6.2,,Beetles,,,
Kotze_2000,Kotze_2000_data,island7,,6.7,,Beetles,,,
Kotze_2000,Kotze_2000_data,island5,,8.4,,Beetles,,,
Kotze_2000,Kotze_2000_data,island24,,9.5,,Beetles,,,
Kotze_2000,Kotze_2000_data,island8,,9.9,,Beetles,,,
Kotze_2000,Kotze_2000_data,island16,,10.1,,Beetles,,,
Kotze_2000,Kotze_2000_data,island18,,11.7,,Beetles,,,
Kotze_2000,Kotze_2000_data,island14,,12.4,,Beetles,,,
Kotze_2000,Kotze_2000_data,island17,,14.3,,Beetles,,,
Kotze_2000,Kotze_2000_data,island21,,15.6,,Beetles,,,
Kotze_2000,Kotze_2000_data,island22,,16,,Beetles,,,
Kotze_2000,Kotze_2000_data,island4,,23,,Beetles,,,
Kotze_2000,Kotze_2000_data,island20,,24.1,,Beetles,,,
Kotze_2000,Kotze_2000_data,island9,,34.7,,Beetles,,,
Kotze_2000,Kotze_2000_data,island15,,40.2,,Beetles,,,
Kotze_2000,Kotze_2000_data,island23,,57.1,,Beetles,,,
Kotze_2000,Kotze_2000_data,island1,,88.8,,Beetles,,,
Kotze_2000,Kotze_2000_data,island3,,371.4,,Beetles,,,
Kotze_2000,Kotze_2000_data,island2,,7000,,Beetles,,,
Macdonald_2018,Macdonald_2018_data,812,,0.0851,,Butterflies,,,
Macdonald_2018,Macdonald_2018_data,707,,0.0906,,Butterflies,,,
Macdonald_2018,Macdonald_2018_data,543,,0.0934,,Butterflies,,,
Macdonald_2018,Macdonald_2018_data,1218,,0.0972,,Butterflies,,,
Macdonald_2018,Macdonald_2018_data,177,,0.0984,,Butterflies,,,
Macdonald_2018,Macdonald_2018_data,1314,,0.0989,,Butterflies,,,
Macdonald_2018,Macdonald_2018_data,730,,0.1051,,Butterflies,,,
Macdonald_2018,Macdonald_2018_data,992,,0.107,,Butterflies,,,
Macdonald_2018,Macdonald_2018_data,736,,0.1932,,Butterflies,,,
Macdonald_2018,Macdonald_2018_data,967,,0.1962,,Butterflies,,,
Macdonald_2018,Macdonald_2018_data,1292,,0.2037,,Butterflies,,,
Macdonald_2018,Macdonald_2018_data,1196,,0.2132,,Butterflies,,,
Macdonald_2018,Macdonald_2018_data,1152,,0.3955,,Butterflies,,,
Macdonald_2018,Macdonald_2018_data,500,,0.4074,,Butterflies,,,
Macdonald_2018,Macdonald_2018_data,285,,0.8252,,Butterflies,,,
Macdonald_2018,Macdonald_2018_data,618,,0.9439,,Butterflies,,,
Macdonald_2018,Macdonald_2018_data,306,,0.9454,,Butterflies,,,
Macdonald_2018,Macdonald_2018_data,637,,0.9505,,Butterflies,,,
Macdonald_2018,Macdonald_2018_data,802,,0.9573,,Butterflies,,,
Macdonald_2018,Macdonald_2018_data,537,,0.9697,,Butterflies,,,
Macdonald_2018,Macdonald_2018_data,874,,0.9816,,Butterflies,,,
Macdonald_2018,Macdonald_2018_data,737,,1.0207,,Butterflies,,,
Macdonald_2018,Macdonald_2018_data,451,,1.0218,,Butterflies,,,
Macdonald_2018,Macdonald_2018_data,621,,1.8339,,Butterflies,,,
Macdonald_2018,Macdonald_2018_data,152,,1.9761,,Butterflies,,,
Macdonald_2018,Macdonald_2018_data,1146,,2.0495,,Butterflies,,,
Macdonald_2018,Macdonald_2018_data,558,,2.1064,,Butterflies,,,
Macdonald_2018,Macdonald_2018_data,505,,3.9847,,Butterflies,,,
Macdonald_2018,Macdonald_2018_data,642,,4.0207,,Butterflies,,,
Macdonald_2018,Macdonald_2018_data,755,,8.3669,,Butterflies,,,
Munigia-Rosas_Montiel_2014,Munigia-Rosas_Montiel_2014_data,Patch_14,,1.65,,,,,
Munigia-Rosas_Montiel_2014,Munigia-Rosas_Montiel_2014_data,Patch_19,,1.74,,,,,
Munigia-Rosas_Montiel_2014,Munigia-Rosas_Montiel_2014_data,Patch_3,,3.44,,,,,
Munigia-Rosas_Montiel_2014,Munigia-Rosas_Montiel_2014_data,Patch_9,,4.01,,,,,
Munigia-Rosas_Montiel_2014,Munigia-Rosas_Montiel_2014_data,Patch_2,,4.75,,,,,
Munigia-Rosas_Montiel_2014,Munigia-Rosas_Montiel_2014_data,Patch_1,,7.48,,,,,
Munigia-Rosas_Montiel_2014,Munigia-Rosas_Montiel_2014_data,Patch_11,,7.48,,,,,
Munigia-Rosas_Montiel_2014,Munigia-Rosas_Montiel_2014_data,Patch_15,,12.45,,,,,
Munigia-Rosas_Montiel_2014,Munigia-Rosas_Montiel_2014_data,Patch_17,,18.19,,,,,
Munigia-Rosas_Montiel_2014,Munigia-Rosas_Montiel_2014_data,Patch_7,,26.27,,,,,
Munigia-Rosas_Montiel_2014,Munigia-Rosas_Montiel_2014_data,Patch_12,,27.04,,,,,
Munigia-Rosas_Montiel_2014,Munigia-Rosas_Montiel_2014_data,Patch_16,,30.75,,,,,
Munigia-Rosas_Montiel_2014,Munigia-Rosas_Montiel_2014_data,Patch_8,,37.67,,,,,
Munigia-Rosas_Montiel_2014,Munigia-Rosas_Montiel_2014_data,Patch_5,,43.2,,,,,
Munigia-Rosas_Montiel_2014,Munigia-Rosas_Montiel_2014_data,Patch_18,,63.51,,,,,
Munigia-Rosas_Montiel_2014,Munigia-Rosas_Montiel_2014_data,Patch_6,,121.41,,,,,
Munigia-Rosas_Montiel_2014,Munigia-Rosas_Montiel_2014_data,Patch_13,,218.63,,,,,
Munigia-Rosas_Montiel_2014,Munigia-Rosas_Montiel_2014_data,Patch_4,,320.46,,,,,
Munigia-Rosas_Montiel_2014,Munigia-Rosas_Montiel_2014_data,Patch_10,,2472.82,,,,,
Pereira_2017,Pereira_2017_data,1,,1.2938,,,,,
Pereira_2017,Pereira_2017_data,11,,1.6113,,,,,
Pereira_2017,Pereira_2017_data,3,,1.6316,,,,,
Pereira_2017,Pereira_2017_data,5,,2.9716,,,,,
Pereira_2017,Pereira_2017_data,8,,5.7557,,,,,
Pereira_2017,Pereira_2017_data,7,,5.8653,,,,,
Pereira_2017,Pereira_2017_data,10,,8.2375,,,,,
Pereira_2017,Pereira_2017_data,2,,8.4909,,,,,
Pereira_2017,Pereira_2017_data,6,,11.3399,,,,,
Pereira_2017,Pereira_2017_data,4,,16.9562,,,,,
Pereira_2017,Pereira_2017_data,9,,35.8185,,,,,
Pierce_2003,Pierce_2003_data,Tekokota,,50,,,,,
Pierce_2003,Pierce_2003_data,Reitoru,,200,,,,,
Pierce_2003,Pierce_2003_data,Maria,,200,,,,,
Pierce_2003,Pierce_2003_data,Morane,,285,,,,,
Pierce_2003,Pierce_2003_data,Ahunui,,300,,,,,
Pierce_2003,Pierce_2003_data,Paraoa,,300,,,,,
Pierce_2003,Pierce_2003_data,Manuhangi,,375,,,,,
Pierce_2003,Pierce_2003_data,Haraiki,,400,,,,,
Pierce_2003,Pierce_2003_data,Tahanea,,950,,,,,
Pierce_2003,Pierce_2003_data,Fakarava,,2410,,,,,
Pierce_2003,Pierce_2003_data,Gambier Is,,2960,,,,,
Puspitasari_2016,Puspitasari_2016_data,Putri Barat ,,9.63,,Beetles,,,
Puspitasari_2016,Puspitasari_2016_data,Opak Besar ,,9.74,,Beetles,,,
Puspitasari_2016,Puspitasari_2016_data,Pamagaran ,,15.56,,Beetles,,,
Puspitasari_2016,Puspitasari_2016_data,Darnar Besar ,,16.34,,Beetles,,,
Puspitasari_2016,Puspitasari_2016_data,Prannuka,,19.92,,Beetles,,,
Puspitasari_2016,Puspitasari_2016_data,Kota Besar ,,22.65,,Beetles,,,
Puspitasari_2016,Puspitasari_2016_data,Bokor ,,26.43,,Beetles,,,
Puspitasari_2016,Puspitasari_2016_data,Lancang Besar ,,29.51,,Beetles,,,
Puspitasari_2016,Puspitasari_2016_data,Untung Jawa ,,39.12,,Beetles,,,
Puspitasari_2016,Puspitasari_2016_data,Rambut ,,45.8,,Beetles,,,
Rangasamy_2014,Rangasamy_2014_data,Inglis,,140,,,,,
Rangasamy_2014,Rangasamy_2014_data,Kondul island,,155,,,,,
Rangasamy_2014,Rangasamy_2014_data,Smith Island,,2045,,,,,
Rocamora_2003,Rocamora_2003_data,Ile aux Rats,,0.11,,Birds,,,
Rocamora_2003,Rocamora_2003_data,Ile aux Chauve-Souris,,0.12,,Birds,,,
Rocamora_2003,Rocamora_2003_data,Un-named Island,,0.22,,Birds,,,
Rocamora_2003,Rocamora_2003_data,Petit Astove,,0.22,,Birds,,,
Rocamora_2003,Rocamora_2003_data,Ile Lacroix,,0.22,,Birds,,,
Rocamora_2003,Rocamora_2003_data,Ile du Trou,,0.32,,Birds,,,
Rocamora_2003,Rocamora_2003_data,Ile Obsesrvation,,0.46,,Birds,,,
Rocamora_2003,Rocamora_2003_data,Ile-aux Macaquetes,,0.55,,Birds,,,
Rocamora_2003,Rocamora_2003_data,Ile Baleine,,1.05,,Birds,,,
Rocamora_2003,Rocamora_2003_data,Petit Polyte,,1.68,,Birds,,,
Rocamora_2003,Rocamora_2003_data,Ilea aux Moustiques,,1.9,,Birds,,,
Rocamora_2003,Rocamora_2003_data,Goe-lettes,,2.79,,Birds,,,
Rocamora_2003,Rocamora_2003_data,Pagode,,5,,Birds,,,
Rocamora_2003,Rocamora_2003_data,Ile du Nord-Est,,6.3,,Birds,,,
Rocamora_2003,Rocamora_2003_data,Ile du Nord,,12.1,,Birds,,,
Rocamora_2003,Rocamora_2003_data,Grand Polyte,,27.7,,Birds,,,
Rocamora_2003,Rocamora_2003_data,Ile du Sud-Ouest,,42.3,,Birds,,,
Rocamora_2003,Rocamora_2003_data,Ile Sud-Est,,42.3,,Birds,,,
Rocamora_2003,Rocamora_2003_data,Ile L'Anse,,55,,Birds,,,
Rocamora_2003,Rocamora_2003_data,Grand Ile,,160,,Birds,,,
Rocamora_2003,Rocamora_2003_data,Menai,,246.8,,Birds,,,
Schilthuizen_2013,Schilthuizen_2013_data,LP,,4,,,,,
Schilthuizen_2013,Schilthuizen_2013_data,MTB,,10,,,,,
Schilthuizen_2013,Schilthuizen_2013_data,SIB,,15,,,,,
Schilthuizen_2013,Schilthuizen_2013_data,MG,,20,,,,,
Schilthuizen_2013,Schilthuizen_2013_data,TTG,,30,,,,,
Schilthuizen_2013,Schilthuizen_2013_data,SLK,,32,,,,,
Schilthuizen_2013,Schilthuizen_2013_data,SBKT,,51,,,,,
Schilthuizen_2013,Schilthuizen_2013_data,MKP,,300,,,,,
Schilthuizen_2013,Schilthuizen_2013_data,BD,,313,,,,,
Schilthuizen_2013,Schilthuizen_2013_data,BGY,,795,,,,,
Schilthuizen_2013,Schilthuizen_2013_data,MBP,,1760,,,,,
Schilthuizen_2013,Schilthuizen_2013_data,BP,,11000,,,,,
Schilthuizen_2013,Schilthuizen_2013_data,Banggi,,44600,,,,,
Schilthuizen_2013,Schilthuizen_2013_data,GP,,7400000,,,,,
Surendran_Vasudevan_2015_frogs,Surendran_Vasudevan_2015_frogs_data,,Grub,3,,,,,
Surendran_Vasudevan_2015_frogs,Surendran_Vasudevan_2015_frogs_data,,Chester,9,,,,,
Surendran_Vasudevan_2015_frogs,Surendran_Vasudevan_2015_frogs_data,,Snob,22,,,,,
Surendran_Vasudevan_2015_frogs,Surendran_Vasudevan_2015_frogs_data,,Boat,280,,,,,
Surendran_Vasudevan_2015_frogs,Surendran_Vasudevan_2015_frogs_data,,Redskin,330,,,,,
Surendran_Vasudevan_2015_frogs,Surendran_Vasudevan_2015_frogs_data,,Alexandria,360,,,,,
Surendran_Vasudevan_2015_frogs,Surendran_Vasudevan_2015_frogs_data,,Hobday,360,,,,,
Surendran_Vasudevan_2015_frogs,Surendran_Vasudevan_2015_frogs_data,,Tarmugli,1150,,,,,
Surendran_Vasudevan_2015_frogs,Surendran_Vasudevan_2015_frogs_data,,Long Island,1790,,,,,
Surendran_Vasudevan_2015_frogs,Surendran_Vasudevan_2015_frogs_data,,Neil,1890,,,,,
Surendran_Vasudevan_2015_frogs,Surendran_Vasudevan_2015_frogs_data,,Havelock,11393,,,,,
Surendran_Vasudevan_2015_frogs,Surendran_Vasudevan_2015_frogs_data,,Rutland,13717,,,,,
Surendran_Vasudevan_2015_frogs,Surendran_Vasudevan_2015_frogs_data,,Little Andaman,73439,,,,,
Surendran_Vasudevan_2015_frogs,Surendran_Vasudevan_2015_frogs_data,,South Andaman,135082,,,,,
Surendran_Vasudevan_2015_frogs,Surendran_Vasudevan_2015_frogs_data,,North Andaman,137599,,,,,
Surendran_Vasudevan_2015_lizards,Surendran_Vasudevan_2015_lizards_data,,Grub,3,,,,,
Surendran_Vasudevan_2015_lizards,Surendran_Vasudevan_2015_lizards_data,,Chester,9,,,,,
Surendran_Vasudevan_2015_lizards,Surendran_Vasudevan_2015_lizards_data,,Snob,22,,,,,
Surendran_Vasudevan_2015_lizards,Surendran_Vasudevan_2015_lizards_data,,Boat,280,,,,,
Surendran_Vasudevan_2015_lizards,Surendran_Vasudevan_2015_lizards_data,,Redskin,330,,,,,
Surendran_Vasudevan_2015_lizards,Surendran_Vasudevan_2015_lizards_data,,Alexandria,360,,,,,
Surendran_Vasudevan_2015_lizards,Surendran_Vasudevan_2015_lizards_data,,Hobday,360,,,,,
Surendran_Vasudevan_2015_lizards,Surendran_Vasudevan_2015_lizards_data,,Tarmugli,1150,,,,,
Surendran_Vasudevan_2015_lizards,Surendran_Vasudevan_2015_lizards_data,,Long Island,1790,,,,,
Surendran_Vasudevan_2015_lizards,Surendran_Vasudevan_2015_lizards_data,,Neil,1890,,,,,
Surendran_Vasudevan_2015_lizards,Surendran_Vasudevan_2015_lizards_data,,Havelock,11393,,,,,
Surendran_Vasudevan_2015_lizards,Surendran_Vasudevan_2015_lizards_data,,Rutland,13717,,,,,
Surendran_Vasudevan_2015_lizards,Surendran_Vasudevan_2015_lizards_data,,Little Andaman,73439,,,,,
Surendran_Vasudevan_2015_lizards,Surendran_Vasudevan_2015_lizards_data,,South Andaman,135082,,,,,
Surendran_Vasudevan_2015_lizards,Surendran_Vasudevan_2015_lizards_data,,North Andaman,137599,,,,,
Tabak_2015,Tabak_2015_data,Round Islands south,Round Islands south,0.1,,,,,
Tabak_2015,Tabak_2015_data,Whale Island north islet,Whale Island north islet,0.1,,,,,
Tabak_2015,Tabak_2015_data,Becher Islands south island,Becher Islands south island,0.3,,,,,
Tabak_2015,Tabak_2015_data,Box Island east islets,Box Island east islets,0.3,,,,,
Tabak_2015,Tabak_2015_data,Goose Green northeast islet,Goose Green northeast islet,0.3,,,,,
Tabak_2015,Tabak_2015_data,Long Rincon west islet,Long Rincon west islet,0.4,,,,,
Tabak_2015,Tabak_2015_data,Double Creek outer islet,Double Creek outer islet,0.5,,,,,
Tabak_2015,Tabak_2015_data,Knob Island (George Island),Knob Island (George Island),0.5,,,,,
Tabak_2015,Tabak_2015_data,Southwest Cay islet,Southwest Cay islet,0.5,,,,,
Tabak_2015,Tabak_2015_data,Wedge islet,Wedge islet,0.5,,,,,
Tabak_2015,Tabak_2015_data,Middle Island (Choiseul Sound) west islet,Middle Island (Choiseul Sound) west islet,0.6,,,,,
Tabak_2015,Tabak_2015_data,Stinker Island (Lively),Stinker Island (Lively),0.6,,,,,
Tabak_2015,Tabak_2015_data,Becher Islands southwest island,Becher Islands southwest island,0.7,,,,,
Tabak_2015,Tabak_2015_data,South Cay islet,South Cay islet,0.7,,,,,
Tabak_2015,Tabak_2015_data,Button Island (Choiseul Sound),Button Island (Choiseul Sound),0.8,,,,,
Tabak_2015,Tabak_2015_data,Wall Islands west Island,Wall Islands west Island,0.8,,,,,
Tabak_2015,Tabak_2015_data,Wall Islands east Island,Wall Islands east Island,0.9,,,,,
Tabak_2015,Tabak_2015_data,Big Samuel east islet,Big Samuel east islet,1,,,,,
Tabak_2015,Tabak_2015_data,Calf Island (Pebble),Calf Island (Pebble),1.1,,,,,
Tabak_2015,Tabak_2015_data,Clump Island (Falkland Sound),Clump Island (Falkland Sound),1.1,,,,,
Tabak_2015,Tabak_2015_data,Round Islands north,Round Islands north,1.2,,,,,
Tabak_2015,Tabak_2015_data,Knoblet island,Knoblet island,1.3,,,,,
Tabak_2015,Tabak_2015_data,Becher Islands west island,Becher Islands west island,1.4,,,,,
Tabak_2015,Tabak_2015_data,Devil's Point islet,Devil's Point islet,1.4,,,,,
Tabak_2015,Tabak_2015_data,Golden Knob,Golden Knob,1.6,,,,,
Tabak_2015,Tabak_2015_data,Shallow Harbour islet,Shallow Harbour islet,2.3,,,,,
Tabak_2015,Tabak_2015_data,Sophie Island / South East Point islet,Sophie Island / South East Point islet,2.3,,,,,
Tabak_2015,Tabak_2015_data,Edgar Ridge islet,Edgar Ridge islet,2.5,,,,,
Tabak_2015,Tabak_2015_data,Port King island,Port King island,3.4,,,,,
Tabak_2015,Tabak_2015_data,West Island,West Island,3.7,,,,,
Tabak_2015,Tabak_2015_data,Flat Wolfe Island,Flat Wolfe Island,3.9,,,,,
Tabak_2015,Tabak_2015_data,Becher Islands northwest island,Becher Islands northwest island,4,,,,,
Tabak_2015,Tabak_2015_data,Irene Island,Irene Island,4,,,,,
Tabak_2015,Tabak_2015_data,Knob Island (Port Stephens),Knob Island (Port Stephens),4,,,,,
Tabak_2015,Tabak_2015_data,Monday Island,Monday Island,4,,,,,
Tabak_2015,Tabak_2015_data,North Wedge Island,North Wedge Island,4.9,,,,,
Tabak_2015,Tabak_2015_data,Harbour Islands west island,Harbour Islands west island,5,,,,,
Tabak_2015,Tabak_2015_data,Rory's Island,Rory's Island,5,,,,,
Tabak_2015,Tabak_2015_data,Halfway Cove Island,Halfway Cove Island,7.7,,,,,
Tabak_2015,Tabak_2015_data,Mid Island,Mid Island,8,,,,,
Tabak_2015,Tabak_2015_data,Green Island (Choiseul Sound),Green Island (Choiseul Sound),8.2,,,,,
Tabak_2015,Tabak_2015_data,Whig Islands north island,Whig Islands north island,9,,,,,
Tabak_2015,Tabak_2015_data,Beef Island,Beef Island,9.7,,,,,
Tabak_2015,Tabak_2015_data,Stinker Island,Stinker Island,9.8,,,,,
Tabak_2015,Tabak_2015_data,Wedge Island,Wedge Island,12.4,,,,,
Tabak_2015,Tabak_2015_data,Cow Island,Cow Island,12.5,,,,,
Tabak_2015,Tabak_2015_data,Harbour Islands east island,Harbour Islands east island,12.8,,,,,
Tabak_2015,Tabak_2015_data,South Cay,South Cay,13.2,,,,,
Tabak_2015,Tabak_2015_data,Whig Islands south island,Whig Islands south island,13.3,,,,,
Tabak_2015,Tabak_2015_data,South West Cay,South West Cay,15.2,,,,,
Tabak_2015,Tabak_2015_data,Becher Long Island,Becher Long Island,15.5,,,,,
Tabak_2015,Tabak_2015_data,Circum Island,Circum Island,20,,,,,
Tabak_2015,Tabak_2015_data,Ear Island,Ear Island,21,,,,,
Tabak_2015,Tabak_2015_data,North Point Island,North Point Island,22.4,,,,,
Tabak_2015,Tabak_2015_data,Seal Island (Lively Sound),Seal Island (Lively Sound),25.2,,,,,
Tabak_2015,Tabak_2015_data,Kidney Island,Kidney Island,32,,,,,
Tabak_2015,Tabak_2015_data,Sandy Bay Island,Sandy Bay Island,32,,,,,
Tabak_2015,Tabak_2015_data,Saddle |sland,Saddle |sland,35,,,,,
Tabak_2015,Tabak_2015_data,Coffin Island,Coffin Island,45,,,,,
Tabak_2015,Tabak_2015_data,Calista Island,Calista Island,62,,,,,
Tabak_2015,Tabak_2015_data,Sandy Cay,Sandy Cay,89,,,,,
Tabak_2015,Tabak_2015_data,Third Island / Third Passage,Third Island / Third Passage,89,,,,,
Tabak_2015,Tabak_2015_data,Wolfe Island,Wolfe Island,120,,,,,
Tabak_2015,Tabak_2015_data,Fourth Island / Fourth Passage,Fourth Island / Fourth Passage,150,,,,,
Tabak_2015,Tabak_2015_data,George Island,George Island,2400,,,,,
Tabak_2015,Tabak_2015_data,Speedwell Island,Speedwell Island,5150,,,,,
Tabak_2015,Tabak_2015_data,Lively Island,Lively Island,5595,,,,,
Theurkauf_2017,Theurkauf_2017_data,Ile des Pines,,1500,,Birds,,,
Theurkauf_2017,Theurkauf_2017_data,Grande Terre,,1600,,Birds,,,
Theurkauf_2017,Theurkauf_2017_data, Lifou,,114000,,Birds,,,
Usher_1986,Usher_1986_data,Ardley Island,Ardley Island,113,,,,,
Usher_1986,Usher_1986_data,Byers Peninsula,Byers Peninsula,6000,,,,,
Usher_1986,Usher_1986_data,Green Island,Green Island,,,,,,
Usher_1986,Usher_1986_data,Darboux Island,Darboux Island,,,,,,
Usher_1986,Usher_1986_data,Dion Island,Dion Island,,,,,,
Usher_1986,Usher_1986_data,Faure Islands,Faure Islands,,,,,,
Usher_1986,Usher_1986_data,Lynch Island,Lynch Island,,,,,,
Waqasakiti_2018,Waqasakiti_2018_data,Vat,,445,,Beetles,,,
Waqasakiti_2018,Waqasakiti_2018_data,Lak,,5950,,Beetles,,,
Waqasakiti_2018,Waqasakiti_2018_data,Moa,,6500,,Beetles,,,
Waqasakiti_2018,Waqasakiti_2018_data,Kor,,10530,,Beetles,,,
Waqasakiti_2018,Waqasakiti_2018_data,Ova,,10640,,Beetles,,,
Waqasakiti_2018,Waqasakiti_2018_data,Gait,,13610,,Beetles,,,
Waqasakiti_2018,Waqasakiti_2018_data,Kad,,41100,,Beetles,,,
Waqasakiti_2018,Waqasakiti_2018_data,Tav,,43400,,Beetles,,,
Waqasakiti_2018,Waqasakiti_2018_data,VaL,,558700,,Beetles,,,
Waqasakiti_2018,Waqasakiti_2018_data,ViL,,1038800,,Beetles,,,
Werden_2012,Werden_2012_data,Mermaid Island,,1.7,,Rodents,,,
Werden_2012,Werden_2012_data,Endymion Island,,5.7,,Rodents,,,
Werden_2012,Werden_2012_data,Aubrey Island,,6.8,,Rodents,,,
Werden_2012,Werden_2012_data,Camelot Island,,9.4,,Rodents,,,
Werden_2012,Werden_2012_data,Lindsay Island,,14.4,,Rodents,,,
Werden_2012,Werden_2012_data,McDonald Island,,15.1,,Rodents,,,
Werden_2012,Werden_2012_data,Thwartway Island,,40,,Rodents,,,
Werden_2012,Werden_2012_data,Grenadier Island,,406.6,,Rodents,,,
Werden_2012,Werden_2012_data,Hill Island,,531,,Rodents,,,
Werner_Zalewski_2006,Werner_Zalewski_2006_data,1pog,,0.01,,,,,
Werner_Zalewski_2006,Werner_Zalewski_2006_data,ter,,0.03,,,,,
Werner_Zalewski_2006,Werner_Zalewski_2006_data,wron,,0.15,,,,,
Werner_Zalewski_2006,Werner_Zalewski_2006_data,wros,,0.15,,,,,
Werner_Zalewski_2006,Werner_Zalewski_2006_data,mil,,0.2,,,,,
Werner_Zalewski_2006,Werner_Zalewski_2006_data,2pog,,0.9,,,,,
Werner_Zalewski_2006,Werner_Zalewski_2006_data,hel,,0.92,,,,,
Werner_Zalewski_2006,Werner_Zalewski_2006_data,wil,,1,,,,,
Werner_Zalewski_2006,Werner_Zalewski_2006_data,muszla,,1.05,,,,,
Werner_Zalewski_2006,Werner_Zalewski_2006_data,olchowa,,1.75,,,,,
Werner_Zalewski_2006,Werner_Zalewski_2006_data,swi,,2.08,,,,,
Werner_Zalewski_2006,Werner_Zalewski_2006_data,3pog,,2.1,,,,,
Werner_Zalewski_2006,Werner_Zalewski_2006_data,kor,,2.3,,,,,
Werner_Zalewski_2006,Werner_Zalewski_2006_data,lip,,4.19,,,,,
Werner_Zalewski_2006,Werner_Zalewski_2006_data,dab,,6.84,,,,,
Werner_Zalewski_2006,Werner_Zalewski_2006_data,gil,,9.9,,,,,
Werner_Zalewski_2006,Werner_Zalewski_2006_data,sos,,20.09,,,,,
Xu_2017,Xu_2017_data,42,,2.55,,Butterflies,,,
Xu_2017,Xu_2017_data,41,,4.47,,Butterflies,,,
Xu_2017,Xu_2017_data,40,,7.99,,Butterflies,,,
Xu_2017,Xu_2017_data,39,,20.34,,Butterflies,,,
Xu_2017,Xu_2017_data,38,,23.94,,Butterflies,,,
Xu_2017,Xu_2017_data,37,,24.26,,Butterflies,,,
Xu_2017,Xu_2017_data,36,,82.1,,Butterflies,,,
Xu_2017,Xu_2017_data,35,,109.1,,Butterflies,,,
Xu_2017,Xu_2017_data,34,,117.9,,Butterflies,,,
Xu_2017,Xu_2017_data,33,,139.1,,Butterflies,,,
Xu_2017,Xu_2017_data,32,,143.9,,Butterflies,,,
Xu_2017,Xu_2017_data,31,,171.7,,Butterflies,,,
Xu_2017,Xu_2017_data,30,,176.1,,Butterflies,,,
Xu_2017,Xu_2017_data,29,,222.2,,Butterflies,,,
Xu_2017,Xu_2017_data,28,,263.8,,Butterflies,,,
Xu_2017,Xu_2017_data,27,,295.3,,Butterflies,,,
Xu_2017,Xu_2017_data,26,,303.9,,Butterflies,,,
Xu_2017,Xu_2017_data,25,,358.6,,Butterflies,,,
Xu_2017,Xu_2017_data,24,,377.8,,Butterflies,,,
Xu_2017,Xu_2017_data,23,,419.1,,Butterflies,,,
Xu_2017,Xu_2017_data,22,,422.4,,Butterflies,,,
Xu_2017,Xu_2017_data,21,,512.4,,Butterflies,,,
Xu_2017,Xu_2017_data,20,,515.2,,Butterflies,,,
Xu_2017,Xu_2017_data,19,,592.3,,Butterflies,,,
Xu_2017,Xu_2017_data,18,,630.2,,Butterflies,,,
Xu_2017,Xu_2017_data,17,,1092,,Butterflies,,,
Xu_2017,Xu_2017_data,16,,1109.8,,Butterflies,,,
Xu_2017,Xu_2017_data,15,,1420.3,,Butterflies,,,
Xu_2017,Xu_2017_data,14,,1450.6,,Butterflies,,,
Xu_2017,Xu_2017_data,13,,1700.5,,Butterflies,,,
Xu_2017,Xu_2017_data,12,,2135,,Butterflies,,,
Xu_2017,Xu_2017_data,11,,2287.9,,Butterflies,,,
Xu_2017,Xu_2017_data,10,,2690.2,,Butterflies,,,
Xu_2017,Xu_2017_data,9,,2837.4,,Butterflies,,,
Xu_2017,Xu_2017_data,8,,3356.2,,Butterflies,,,
Xu_2017,Xu_2017_data,7,,4037,,Butterflies,,,
Xu_2017,Xu_2017_data,6,,5979.2,,Butterflies,,,
Xu_2017,Xu_2017_data,5,,6181.5,,Butterflies,,,
Xu_2017,Xu_2017_data,4,,7735.2,,Butterflies,,,
Xu_2017,Xu_2017_data,3,,9365.8,,Butterflies,,,
Xu_2017,Xu_2017_data,2,,10496.7,,Butterflies,,,
Xu_2017,Xu_2017_data,1,,47616.5,,Butterflies,,,
Zagar_2013,Zagar_2013_data,Dojran Lake,,4310,,Reptiles,,"41.224768, 22.752035",
Zagar_2013,Zagar_2013_data,Dugi Otok ,,11330,,Reptiles,,"43.992647, 15.091194",
Zagar_2013,Zagar_2013_data,Korcula,,27900,,Reptiles,,"42.948699, 16.888885",
Zagar_2013,Zagar_2013_data,Lake Skadar,,37000,,Reptiles,,"42.196271, 19.290822",
Zagar_2013,Zagar_2013_data,Brac,,39600,,Reptiles,,"43.323437, 16.642190",
Zagar_2013,Zagar_2013_data,Kamenovo,,,,Reptiles,,"42.276868, 18.886684",
Zagar_2013,Zagar_2013_data,Peljesac,,,,Reptiles,,"42.880095, 17.548330",
