"island_name","X0.0","X1014","X1022","X1032","X1066","X1068","X1129","X1196","X1247","X1262","X1311","X1317","X144","X1451","X1453","X1479","X1500","X1501","X1502","X1506","X1622","X1624","X1812","X1813","X1822","X1824","X1834","X1835","X1853","X1855","X1860","X1861","X1867","X1872","X250","X262","X293","X300","X35","X434","X472","X674","X684","X772","X783","X838","X878","X9000","X9001","X9002","X9003","X9004","X9005","X9006","X9007","X9008","X9009","X9010","X9011","X9012","X9013","X9014","X9015","X9016","X9017","X9018","X9019","X9020","X9021","X9022","X9023","X9024","X9025","X9026","X9027","X9028","X9029","X9030","X9031","X9032","X9033","X9034","X9035","X9036","X9037","X9038","X9039","X9040","X9041","X9042","X9043","X9044","X9045","X9046","X9047","X9048","X9049","X9050","X9051","X9052","X9053","X9054","X9055","X9056","X9057","X9058","X9059","X9060","X9061","X9062","X9063","X9064","X9065","X9066","X9067","X9068","X9069","X9070","X9071","X9072","X9073","X9074","X9075","X9076","X9077","X9078","X9079","X9080","X9081","X9082","X9083","X9084","X9085","X9086","X9087","X9088","X9089","X9090","X9091","X9092","X9093","X9094","X9095","X9096","X9097","X9098","X9099","X9100","X9101","X9102","X9103","X9104","X9105","X9106","X9107","X9108","X9109","X9110","X9111","X9112","X9113","X9114","X9115","X9116","X9117","X9118","X9119","X9120","X9121","X9122","X9123","X9124","X9125","X9126","X9127","X9128","X9129","X9130","X9131","X9132","X9133","X9134","X9135","X9136","X9137","X9138","X9139","X9140","X9141","X9142","X9143","X9144","X9145","X9146","X9147","X9148","X9149","X9150","X9151","X9152","X9153","X9154","X9155","X9156","X9157","X9158","X9159","X9160","X9161","X9162","X9163","X9164","X9165","X9166","X9167","X9168","X9169","X9170","X9171","X9172","X9173","X9174","X9175","X9176","X9177","X9178","X9179","X9180","X9181","X9182","X9183","X9184","X9185","X9186","X9187","X9188","X9189","X9190","X9191","X9195","X9196","X9197","X944","X945","X979","X984","X990","Abrodictyum.cumingii","Abrodictyum.obscurum","Abrodictyum.pluma","Abrodictyum.sp.","Acoporus.nodosus","Acrophorus.nodosus","Acrophorus.sp.","Acystopteris.japonica","Acystopteris.taiwanensis","Acystopteris.teneosecta","Adiantum.flabellatum","Adiantum.pedatum","Adiantum.sp.","Aenigmopteris.sp.","Aglaomorpha","Aglaomorpha.cornucopia","Aglaomorpha.coronans","Aglaomorpha.heraclea","Aglaomorpha.sp.","Aglaomorpha.splendens","Agroporus.nodosus","Alsophila.edanoi","Alsophila.loheri","Alsophila.microchlamys","Alsophila.rufopannosa..or.undescribed.","Alsophila.sp.","Amphineuron.sp.","Angiopteris","Angiopteris.0","Angiopteris.cartilagidens","Angiopteris.effecta","Angiopteris.elmeriana","Angiopteris.evecta","Angiopteris.lygodiifolia","Angiopteris.palmiformis","Angiopteris.sp.","Antrophym.0","Antrophyum","Antrophyum.ledermannii","Antrophyum.reticulatum","Antrophyum.sp.","Arachniodes.amabilis","Arachniodes.carvifolia","Arachniodes.sp.","Arachnoides","Arachnoides.aristata","Arachnoides.caudata","Arachnoides.mutica","Arachnoides.quadripinnata","Arachnoides.rhomboidea","Arachnoides.simplicior","Arachnoides.sinensis","Arachnoides.sporadosora","Arachnoides.standishii","Arachnoides.yakushimensis","Araiostegia.perdurans","Araiostegiella.perdurans","Asplenium","Asplenium.0","Asplenium.affine","Asplenium.antiquum","Asplenium.apoense","Asplenium.caudatum","Asplenium.colubrinum","Asplenium.crinicaule","Asplenium.elmeri","Asplenium.excisum","Asplenium.filipes","Asplenium.incisum","Asplenium.lepturus","Asplenium.nidus","Asplenium.normale","Asplenium.oldhami","Asplenium.pallidum","Asplenium.pellucidum","Asplenium.polyodon","Asplenium.ritoense","Asplenium.robustum","Asplenium.schizocarpon","Asplenium.scolopendrioides","Asplenium.sp.","Asplenium.steerei","Asplenium.tenerum","Asplenium.thunbergii","Asplenium.tripteropus","Asplenium.vulcanicum","Asplenium.yoshinaga","Athyrium","Athyrium.anisopteron","Athyrium.atkinsonii","Athyrium.cryptogrammioides","Athyrium.epirachis","Athyrium.iseanum","Athyrium.melanolepis","Athyrium.nipponicum","Athyrium.oppositipinnum","Athyrium.otophorum","Athyrium.sp.","Athyrium.tosoensis","Athyrium.tozanense","Athyrium.tripinnatum","Athyrium.vidalii","Athyrium.wardii","Athyrium.yokoscense","Atyhrium.epirachis","Austrogramme.boerlageana","Belvisia","Blechnum","Blechnum.amabile","Blechnum.egregium","Blechnum.fraseri","Blechnum.melanocaulon","Blechnum.nipponicum","Blechnum.orientale","Blechnum.patersonii","Blechnum.sp.","Blechnum.vestitum","Blechnum.vulcanicum","Bolbitis","Bolbitis.appendiculata","Bolbitis.repanda","Bolbitis.sinuata","Bolbitis.sp.","Bolbitis.subcordata","Botrichium.virginianum","Callistopteris.apiifolia","Callymodon.gracilis","Calochlaena.javanica","Calymmodon.gracilis","Calymmodon.sp.","Cephalomanes.atrovirens","Cephalomanes.javanicum","Cephalomanes.sp.","Cheilanthes.argentea","Cheilanthes.formosana","Cheiropleuria.bicuspis","Chingia.ferox","Chingia.sp.","Christella.sp.","Christensenia.aesculifolia","Christiopteris.sagitta","Cibotium","Cibotium.barometz","Cibotium.taiwanense","Cochlidium","Colysis.elliptica","Coniogramme.fraxinea","Conniogramme.intermedia","Conniogramme.japonica","Cornopteris.banahaoensis","Cornopteris.decurrenti","Coryphopteris.sp.","Crepidomanes.Nesopteris","Crepidomanes.amabile","Crepidomanes.auriculatum","Crepidomanes.birmanicum","Crepidomanes.grandis","Crepidomanes.latealatum","Crepidomanes.minutum","Crepidomanes.palmifolium","Crepidomanes.sp.","Cristella","Crypsinus","Ctenitis.sp.","Ctenitis.subglandulosa","Ctenopterella.blechnoides","Cyathea","Cyathea.contaminans","Cyathea.philippinensis","Cyathea.podophylla","Cyathea.red","Cyathea.spec.","Cyathea.spinolosa","Cyclopeltis","Cyclosorus.deneaea","Cyclosorus.esquirolii","Cyclosorus.parasitica","Cyclosorus.parastichus","Cyclosorus.taiwanensis","Cyclosorus.triphyllus","Cyrotomium.falcatum","Cyrotomium.fortuneii","Cystomium.falcatum","Cystopteris.malpiensis","Davallia","Davallia.crepedicina","Davallia.embolostegia","Davallia.griffithiana","Davallia.hymenophylloides","Davallia.mariesii","Davallia.pentaphylla","Davallia.solida","Davallia.sp.","Davallia.sp.2","Davallia.trichomanoides","Davallia.trichominoides","Davallia.wagneriana","Davallodes.hymenophylloides","Davallodes.seramense","Dennstaedtia.fusca","Dennstaedtia.hirsuta","Dennstaedtia.scabra","Dennstaedtia.sclabra","Dennstaedtia.sp.","Dennstaedtia.wilfordii","Deparia.dimorphophylla","Deparia.japonica","Deparia.kiusiana","Deparia.orientalis","Deparia.pitisenia","Deparia.pterorachis","Deparia.pycnosora","Deparia.sp.","Dicksonia","Dicranopteris.linearis","Dicranopteris.loherii","Dicranopteris.sp.","Dicranopteris.tetraphylla","Dicsonia","Didymochlaena.truncatula","Diphasium.spinosum","Diplaziopsis.javanica","Diplazium","Diplazium.0","Diplazium.altum","Diplazium.chinense","Diplazium.cordifolium","Diplazium.cultratum","Diplazium.davaoense","Diplazium.dilatatum","Diplazium.diversifolium","Diplazium.donianum","Diplazium.egenolfioides","Diplazium.fraxinifolium","Diplazium.kawakamii","Diplazium.latifrons","Diplazium.lomariaceum","Diplazium.magnificum","Diplazium.mettenianum","Diplazium.nipponicum","Diplazium.pallidum","Diplazium.pariens","Diplazium.petiolare","Diplazium.petrii","Diplazium.pseudocyatheifolium","Diplazium.sibericum","Diplazium.sibuyanense","Diplazium.sorzogonense","Diplazium.sp.","Diplazium.sp...aff..sorzogonense","Diplazium.spinulosum","Diplazium.squamigerum","Diplazium.tenuifolium","Diplazium.wichurae","Diplopterygium.blotianum","Diplopterygium.glaucum","Diplopterygium.sp.","Dipteris.conjugata","Doodia.cf.","Drynaria","Drynaria.fortunei","Drynaria.quercifolia","Drynaria.rigidula","Drynaria.sp.","Drynaria.spec.","Dryopsis.epifolia","Dryopteris","Dryopteris..Nothoperanema.","Dryopteris.Nothoperanema","Dryopteris.apiciflora","Dryopteris.atrata","Dryopteris.cacaina","Dryopteris.championii","Dryopteris.costalisora","Dryopteris.crassirhizoma","Dryopteris.cycadina","Dryopteris.ennaphylla","Dryopteris.epifolia","Dryopteris.erythrosora","Dryopteris.expansa","Dryopteris.formosana","Dryopteris.fuscipes","Dryopteris.hendersonii","Dryopteris.hondoensis","Dryopteris.integriloba","Dryopteris.kwanzanensis","Dryopteris.lacera","Dryopteris.leopodium","Dryopteris.lepidopoda","Dryopteris.leupodium","Dryopteris.maximowicziana","Dryopteris.nipponensis","Dryopteris.pacifica","Dryopteris.peraneima","Dryopteris.polita","Dryopteris.polylepis","Dryopteris.purpurascens","Dryopteris.reflexosquamata","Dryopteris.sabai","Dryopteris.sacrosancta","Dryopteris.saxifraga","Dryopteris.sordidipes","Dryopteris.sp.","Dryopteris.sparsa","Dryopteris.squamiseta","Dryopteris.subarborea","Dryopteris.subtriangularis","Dryopteris.toyamae","Dryopteris.transmorrisonensis","Dryopteris.unifomis","Dryopteris.varia","Dryopteris.wallichiana","Dryopteris.yokoscense","Dryopteris.zayensis","Dryppteris.expansa","Drypteris.kwangshanensis","Drypteris.wallichiana","Elaphoglossum","Elaphoglossum.angulatum","Elaphoglossum.blumeanum","Elaphoglossum.callifolium","Elaphoglossum.luzonicum","Elaphoglossum.ophioglossoides","Elaphoglossum.petiolatum","Elaphoglossum.sp.","Enterosora","Gleichenia.blotiana","Gleichenia.japonica","Gleichenia.longissima","Gleichenia.peltophora","Gleichenia.spinosus","Goniophlebium","Goniophlebium.hendersonii","Goniophlebium.mengtzeense","Goniophlebium.persicifolium","Goniophlebium.sp.","Goniophlebium.subauriculatum","Grammitis","Grypothrix.sp.","Gymnosphaera.dimorpha","Haplopteris","Haplopteris.alternans","Haplopteris.anguste","Haplopteris.elongata","Haplopteris.ensiformis","Haplopteris.flexuosa","Haplopteris.scolopendrina","Haplopteris.sp.","Haplopteris.taeniophyllum","Haplopteris.zosterifolia","Heterogonium","Heterogonium.sp.","Histiopteris.incisa","Humata.repens","Humata.sessilifolia","Humata.sp.","Humata.vestita","Huperzia","Huperzia.magnusiana","Huperzia.quasipolytrichoides","Huperzia.salvinioides","Huperzia.serrata","Huperzia.sp.","Huperzia.squarrosa","Huperzia.verticillata","Hymenasplenium","Hymenasplenium.sp.","Hymenasplenium.unilaterale","Hymenophyllum","Hymenophyllum.Meringium","Hymenophyllum.acanthoides","Hymenophyllum.angulosum","Hymenophyllum.badium","Hymenophyllum.barbatum","Hymenophyllum.crispatum","Hymenophyllum.denticulatum","Hymenophyllum.digitatum","Hymenophyllum.emarginatum","Hymenophyllum.holochilum","Hymenophyllum.imbricatum","Hymenophyllum.pachydermicum","Hymenophyllum.pallidum","Hymenophyllum.paniculisorus","Hymenophyllum.polyanthos","Hymenophyllum.ramosii","Hymenophyllum.reinwardtii","Hymenophyllum.sp.","Hyperzia.phlegmarioides","Hypolepis.bamleriana","Hypolepis.punctata","Lecanopteris.deparioides","Lecanopteris.mirabilis","Lecanopteris.sp.","Lemmaphyllum.accedens","Lemmaphyllum.microphyllum","Lemmaphyllum.sp.","Lepisorus","Lepisorus..Belvisia.","Lepisorus.angustatus","Lepisorus.kawakamii","Lepisorus.monilisorus","Lepisorus.mucronatus","Lepisorus.obscure","Lepisorus.onoei","Lepisorus.platyrhynchos","Lepisorus.pseudo","Lepisorus.revoluta","Lepisorus.sp.","Lepisorus.spicata","Lepisorus.spicatus","Lepisorus.thunbergianus","Lepisorus.ussuriensis","Lepisorus.valdinervis","Leptochilus.decurrens","Leptochilus.sp.","Leptorumohra.fargesii","Leptorumohra.miqueliana","Leucostegia","Leucostegia.immersa","Leucostegia.sp.","Lindsaea","Lindsaea.0","Lindsaea.apoensis","Lindsaea.bouillodii","Lindsaea.capillacea","Lindsaea.cf.","Lindsaea.commixta","Lindsaea.fissa","Lindsaea.hamiguitanensis","Lindsaea.lobata","Lindsaea.longifolia","Lindsaea.lucida","Lindsaea.media","Lindsaea.merrillii","Lindsaea.obtusa","Lindsaea.odorata","Lindsaea.orbiculata","Lindsaea.philippinensis","Lindsaea.pulchella","Lindsaea.repens","Lindsaea.sp.","Lindsaea.subalpina","Lomagramma","Lomagramma.pteroides","Lomagramma.sp.","Lomariopsis.sp.","Loxogramme","Loxogramme.avenia","Loxogramme.dimorpha","Loxogramme.major","Loxogramme.salicifolia","Loxogramme.sp.","Lycopodiella.cernua","Lycopodium","Lycopodium.annotium","Lycopodium.clavatum","Lycopodium.complanatum","Lycopodium.japonica","Lycopodium.obscurum","Lycopodium.somai","Lycopodium.spinosum","Lycopodium.veitchii","Lycopodium.volubile","Lygodium.0","Lygodium.circinnatum","Lygodium.japonica","Lygodium.japonicum","Marattia","Matteuccia.struthiopteris","Mecodium.sp.","Meringium.sp.","Mesophlebion.crassifolium","Mesophlebion.sp.","Metathelypteris.gracilescens","Metathelypteris.uraiensis","Micorsorium.0","Microlepia","Microlepia.calrescens","Microlepia.calvescens","Microlepia.hookeriana","Microlepia.intramarginalis","Microlepia.marginalis","Microlepia.marginata","Microlepia.obtusiloba","Microlepia.sp.","Microlepia.strigosa","Microlepia.trichosora","Micropolypodium.okubai","Microsorium","Microsorum","Microsorum.buergerianum","Microsorum.fortunei","Microsorum.henryi","Microsorum.insigne","Microsorum.longissimum","Microsorum.neurygia","Microsorum.punctatum","Microsorum.sp.","Microsorum.superficiale","Mildella.henryi","Monogramma.dareicarpa","Monogramma.paradoxa","Monogramma.sp.","Monogramma.trichoidea","Nehrodium.cordatum","Nephrolepis","Nephrolepis.biserrata","Nephrolepis.cordata","Nephrolepis.cordatum","Nephrolepis.cordifolia","Nephrolepis.dicsonioides","Nephrolepis.falcata","Nephrolepis.sp.","Nothoperanema.sp.","Oleandra","Oleandra.neriiformis","Oleandra.sp.","Onochlea.orientalis","Onoclea.orientalis","Onychium.japonicum","Ophioderma.pendulum","Ophioglossum","Ophioglossum.pendulum","Oreogrammitis","Oreogrammitis.adspersa","Oreogrammitis.fenecis","Oreogrammitis.sp.","Osmunda.banksiifolia","Osmunda.cinnamomea","Osmunda.japonica","Paesia.sp.","Palhinhaea.cernua","Paragramma.longifolia","Parathelypteris.beddomei","Parathelypteris.sp.","Phlegmariurus.salvinioides","Phlegmariurus.sp.","Phymatopteris","Phymatosorus","Phymatosorus.nigrescens","Phymatosorus.scolopendria","Phymatosorus.sp.","Pityrogramma.calomelanos","Plagiogyria.egenolfioides","Plagiogyria.euphlebia","Plagiogyria.glauca","Plagiogyria.japonica","Plagiogyria.pycnophylla","Plagiogyria.sp.","Pleocnemia","Pleocnemia.irregularis","Pleocnemia.presliana","Pleocnemia.sp.","Pleocnemia.submembranacea","Plesioneuron.savaiense","Plesioneuron.sp.","Pneumatopteris","Pneumatopteris.laevis","Pneumatopteris.obliqua","Pneumatopteris.sp.","Polyphlebium.venosum","Polypodium.atkinsoni","Polypodium.fauriei","Polypodium.formosanum","Polypodium.virginianum","Polystichum","Polystichum.biaristatum","Polystichum.braunii","Polystichum.diaphanum","Polystichum.gemmiparum","Polystichum.hookerianum","Polystichum.horizontale","Polystichum.moluccense","Polystichum.nepaliense","Polystichum.ovateopaleatum","Polystichum.parvipinnulum","Polystichum.piceopaleaceum","Polystichum.polyblepharum","Polystichum.pseudomakinoi","Polystichum.rhomboideum","Polystichum.sp.","Polystichum.stenophyllum","Polystichum.tacticopterum","Polystichum.tagawanum","Polystichum.thomsonii","Polystichum.tripteron","Pronephrium","Pronephrium.granulosum","Pronephrium.ramosii","Pronephrium.repandum","Pronephrium.rubidum","Pronephrium.sp.","Prosaptia.alata","Prosaptia.celebica","Prosaptia.micropora","Prosaptia.multicaudata","Prosaptia.obliquata","Prosaptia.sp.","Prosaptia.venulosa","Pteridium","Pteridium.aquilifolium","Pteridium.aquilinum","Pteridrys.sp.","Pteris","Pteris.amoena","Pteris.arisanesis","Pteris.blumeana","Pteris.cretica","Pteris.dispar","Pteris.ensiformis","Pteris.excelsa","Pteris.rigidula","Pteris.schlechteri","Pteris.selecterii","Pteris.semipinnata","Pteris.setulosa","Pteris.sordidipes","Pteris.sp.","Pteris.tokioi","Pteris.tripartia","Pteris.wallchiana","Pteris.wallichiana","Ptisana","Ptisana.pellucida","Ptisana.sylvatica","Pyrrosia","Pyrrosia.gralla","Pyrrosia.linearifolia","Pyrrosia.lingua","Pyrrosia.longifolia","Pyrrosia.matsudai","Pyrrosia.nummularifolia","Pyrrosia.polydactyla","Pyrrosia.polystichus","Pyrrosia.sheareri","Pyrrosia.sp.","Pyrrosia.sphaerosticta","Radiogrammitis.jagoriana","Radiogrammitis.setigera","Radiogrammitis.sp.","Saccoloma.campylura","Saccoloma.kingii","Saccoloma.sp.","Schizaea.dichotoma","Scleroglossum.pusillum","Selaginella","Selaginella.0","Selaginella.alligans","Selaginella.cupressina","Selaginella.doederleinii","Selaginella.heterostachys","Selaginella.involvens","Selaginella.jagorii","Selaginella.llanosii","Selaginella.luzonensis","Selaginella.mysuroides","Selaginella.negrosensis","Selaginella.repanda","Selaginella.sp.","Selaginella.tamariscina","Selliguea","Selliguea.albidosquamata","Selliguea.caudiformis","Selliguea.enervis","Selliguea.glauca","Selliguea.plantaginea","Selliguea.quasidivaricata","Selliguea.sp.","Selliguea.taeniata","Selliguea.taiwanensis","Selliguea.triloba","Sphaeropteris","Sphaeropteris.biuangensis","Sphaeropteris.megalosora","Sphaeropteris.persquamulifera","Sphaeropteris.philippinensis","Sphaeropteris.saranisorum","Sphaeropteris.sp.","Sphaeropteris.spec..nov.","Sphaerostephanos.sp.","Sphaerostephanos.subcordatus","Sphaerostephanoss.ellipticus","Sphaerostephanoss.heterocarpus","Sphaerostephanoss.hirsutus","Sphaerostephanoss.lastreoides","Sphaerostephanoss.polycarpus","Sphaerostephanoss.sessilipinna","Sphaerostephanoss.sp.","Sphenomeris.chinensis","Sphenomeris.sp.","Stegnogramma.pozoi","Stenochlaena.0","Stenosemia","Sticherus","Sticherus.laevigata","Sticherus.loheri","Sticherus.sp.","Sticherus.truncatus","Syngramma.alismifolia","Syngramma.sp.","Taenitis.0","Taenitis.blechnoides","Tapeinidium","Tapeinidium.calomelanos","Tapeinidium.gracile","Tapeinidium.luzonicum","Tapeinidium.pinnatum","Tapeinidium.sp.","Tarpeinidium.linearis","Tectaria","Tectaria.angulata","Tectaria.christii","Tectaria.crenata","Tectaria.dissecta","Tectaria.harlandii","Tectaria.phaeocaulis","Tectaria.sp.","Tectaria.subtriphylla","Teratophyllum.0","Teratophyllum.aculeatum","Teratophyllum.bathyphylls","Teratophyllum.sp.","Thelypteris","Thelypteris.acuminata","Thelypteris.decursive","Thelypteris.glanduligera","Thelypteris.hattorii","Thelypteris.japonica","Thelypteris.laxa","Thelypteris.phegopteris","Thelypteris.quelpaertensis","Thelypteris.torresiana","Thelypteris.uraiensis","Themelium.fasciatum","Themelium.yoderi","Thylacopteris.papillosa","Tmesipteris.lanceolata","Tmesipteris.zamorae","Tmisipteris.lanceolata","Tomophyllum","Tomophyllum.macrum","Tomophyllum.sp.","Trichomanes","Trichomanes.yavanicum","Vandenboschia.auriculata","Vandenboschia.maxima","Vittaria","Vittaria.ensiformis","Wibelia.divaricata","Wibelia.embolostegia","Woodsia.manchuriensis","Woodsia.polystichoides","Woodwardia.UMI","Woodwardia.japonica","kB"
"Bacan",0,0,0,0,0,0,0,0,0,0,0,0,0,75,108,0,0,0,0,0,0,0,0,0,0,0,0,0,0,0,0,0,0,0,0,0,0,0,0,0,0,0,0,0,0,0,0,0,0,0,0,0,0,0,0,0,0,0,0,0,0,0,0,0,0,0,0,0,0,0,0,0,0,0,0,0,0,0,0,0,0,0,0,0,0,0,0,0,0,0,0,0,0,0,0,0,0,0,0,0,0,0,0,0,0,0,0,0,0,0,0,0,0,0,0,0,0,0,0,0,0,0,0,0,0,0,0,0,0,0,0,0,0,0,0,0,0,0,0,0,0,0,0,0,0,0,0,0,0,0,0,0,0,0,0,0,0,0,0,0,0,0,0,0,0,0,0,0,0,0,0,0,0,0,0,0,0,0,0,0,0,0,0,0,0,0,0,0,0,0,0,0,0,0,0,0,0,0,0,0,0,0,0,0,0,0,0,0,0,0,0,0,0,0,0,0,0,0,0,0,0,0,0,0,0,0,0,0,0,0,0,0,0,0,0,0,0,0,0,0,0,0,0,0,0,0,0,0,0,0,0,0,0,0,0,0,0,0,0,0,0,0,0,0,50,0,0,0,0,0,0,0,110,0,0,0,0,0,0,0,0,0,0,0,1,0,0,0,0,0,96,0,0,0,0,0,0,0,0,0,0,0,0,0,0,0,0,0,0,0,0,0,0,0,0,0,0,1,0,0,0,0,0,0,0,0,0,622,0,0,0,0,0,0,0,0,0,0,0,0,0,0,0,0,0,0,0,0,0,0,0,0,0,0,0,0,0,0,0,0,0,0,0,0,0,0,0,0,0,216,0,0,0,0,0,0,0,0,0,0,0,0,0,0,0,0,0,0,0,0,0,0,0,0,0,0,0,0,0,206,0,0,0,0,0,0,0,1140,0,0,843,0,0,0,0,0,0,0,0,0,0,0,0,0,0,0,0,0,0,0,0,0,0,0,0,0,0,5,27,55,0,0,0,0,0,0,0,0,0,0,0,0,0,0,0,0,0,0,0,0,0,3,0,0,0,0,0,0,0,0,0,0,0,0,0,0,0,0,0,0,0,0,0,0,0,0,0,1,0,0,0,0,0,0,0,183,0,194,0,0,0,0,0,20,0,0,0,0,0,0,43,0,0,170,0,18,0,0,0,0,0,0,0,0,0,0,0,0,0,0,0,0,0,0,0,0,0,0,0,0,0,0,0,0,0,0,0,0,0,248,0,0,0,0,0,0,0,0,0,0,0,0,0,0,0,0,0,0,0,0,0,345,0,0,0,0,0,0,0,0,0,0,0,0,0,0,0,0,0,0,0,0,0,0,0,0,0,0,0,0,0,0,0,0,0,0,0,0,0,0,0,0,39,0,0,85,70,0,0,0,0,0,0,0,0,0,0,0,0,0,0,0,0,0,0,0,0,0,16,0,0,0,1,0,0,0,0,0,0,0,0,0,0,0,0,14,0,0,0,0,0,0,0,0,0,0,0,0,0,0,0,0,0,0,0,0,0,0,0,0,0,0,0,0,0,0,0,496,0,0,0,225,158,0,0,0,0,0,0,0,0,0,0,0,0,0,0,0,0,0,0,0,0,0,0,0,0,0,0,0,0,0,0,0,0,0,0,0,0,0,0,0,0,0,0,0,1,0,0,0,0,0,0,0,0,0,0,0,0,0,55,0,175,0,0,0,0,0,0,95,0,34,0,0,0,0,0,0,0,0,0,0,0,0,0,0,0,0,0,0,0,0,0,0,0,0,0,0,0,0,0,0,0,0,0,0,0,0,0,61,0,0,0,0,0,0,0,0,0,0,0,0,0,0,0,0,0,0,0,181,0,0,0,0,0,0,0,508,0,0,0,0,0,0,0,0,0,0,319,0,0,0,0,0,81,0,0,0,0,0,0,0,0,0,0,0,0,0,0,0,0,0,0,0,1,0,0,0,0,0,0,0,0,0,0,0,0,0,0,0,0,0,145,0,0,0,0,0,215,0,0,0,0,0,0,0,0,0,0,0,0,0,0,0,0,30,0,64,30,0,40,0,0,0,0,0,0,0,0,0,0,0,0,0,0,0,314,0,0,0,0,0,0,0,7,0,0,0,0,0,0,0,0,0,0,0,0,0,0,0,0,0,0,0,0,0,0,0,0,0,0,0,0,746,0,0,0,0,0,0,0,0,0,0,0,0,0,0,0,0,0,0,275,0,0,0,0,0,0,0,0,115,0,0,0,0,157,0,0,0,0,0
"Buru",0,0,0,125,107,2,0,0,0,0,0,0,0,0,0,0,0,0,0,0,0,0,0,0,0,0,0,0,0,0,0,0,0,0,0,0,0,0,0,0,0,0,0,0,0,0,0,0,0,0,0,0,0,0,0,0,0,0,0,0,0,0,0,0,0,0,0,0,0,0,0,0,0,0,0,0,0,0,0,0,0,0,0,0,0,0,0,0,0,0,0,0,0,0,0,0,0,0,0,0,0,0,0,0,0,0,0,0,0,0,0,0,0,0,0,0,0,0,0,0,0,0,0,0,0,0,0,0,0,0,0,0,0,0,0,0,0,0,0,0,0,0,0,0,0,0,0,0,0,0,0,0,0,0,0,0,0,0,0,0,0,0,0,0,0,0,0,0,0,0,0,0,0,0,0,0,0,0,0,0,0,0,0,0,0,0,0,0,0,0,0,0,0,0,0,0,0,0,0,0,0,0,0,0,0,0,0,0,0,0,0,0,0,0,0,0,0,0,0,0,0,0,0,0,0,0,0,0,0,0,0,0,0,0,0,0,0,0,0,0,0,0,0,0,0,0,0,0,41,0,190,0,0,0,0,0,0,0,0,0,0,0,0,0,0,0,0,0,0,0,0,0,19,0,0,0,0,4,0,0,0,0,0,0,0,0,0,0,0,0,0,0,0,0,0,0,0,0,0,0,0,0,0,0,0,0,4,0,0,0,0,0,0,0,0,0,0,14,0,0,0,0,0,0,0,0,0,130,0,37,0,0,0,0,0,0,0,0,0,0,0,0,0,0,0,0,0,0,0,0,0,0,95,0,0,0,0,0,0,0,55,0,13,0,0,0,0,0,0,0,0,0,0,0,147,0,237,0,0,0,0,0,142,0,0,0,0,0,0,0,0,0,0,0,0,0,0,0,0,0,0,0,0,0,0,0,0,0,0,0,0,0,0,0,0,0,0,0,0,0,0,0,0,0,0,0,0,0,0,0,0,0,0,0,0,0,0,0,9,0,0,0,0,0,0,0,0,0,0,0,0,0,0,0,0,0,0,0,0,0,0,0,0,0,0,0,0,0,0,0,0,0,0,160,0,0,0,0,0,0,0,0,0,0,0,0,0,0,0,0,0,0,0,0,0,391,0,0,0,0,0,0,0,20,95,0,4,0,0,0,8,0,0,0,0,0,0,0,0,0,0,0,0,0,0,0,0,0,0,0,0,0,0,0,0,0,0,0,0,0,0,0,0,0,0,0,0,0,0,2,0,0,0,0,0,0,0,0,0,0,0,0,0,0,0,0,0,0,0,0,0,2,0,0,0,0,0,0,82,0,0,0,0,0,0,58,0,0,0,0,0,0,0,0,32,0,0,0,0,10,17,0,5,10,0,0,0,0,0,0,0,0,0,0,0,0,0,0,0,0,0,0,0,0,0,0,0,0,0,0,0,0,0,0,0,0,0,0,0,0,192,0,0,0,0,0,0,0,0,0,0,0,0,0,0,0,0,0,0,0,0,0,0,0,0,0,0,0,0,0,0,0,0,0,0,0,0,0,0,136,0,0,0,0,0,0,0,957,0,0,0,0,0,0,0,0,0,0,37,0,0,0,0,0,0,0,0,0,0,0,0,0,0,0,0,0,0,925,0,364,0,0,0,0,0,0,0,0,0,0,0,7,0,0,0,0,0,0,0,0,0,0,0,0,77,0,0,0,0,0,0,0,0,0,0,0,0,0,0,165,0,0,0,92,0,0,0,0,0,0,0,0,0,9,0,0,0,0,87,0,0,0,0,0,0,0,0,0,0,3,0,0,0,0,0,0,0,0,0,0,0,0,16,0,0,0,1,0,0,0,0,0,0,0,0,0,0,0,0,0,0,0,0,0,0,0,0,233,0,0,0,0,0,0,0,0,0,0,0,0,0,0,0,0,199,0,0,0,0,0,0,0,0,0,0,0,0,0,0,0,0,0,0,0,75,0,0,0,0,0,0,0,0,0,0,0,0,0,0,0,0,0,0,0,0,0,0,0,0,0,69,0,0,0,0,0,0,0,0,0,0,0,0,0,0,50,0,0,10,0,39,0,0,0,1,0,0,0,0,0,0,0,0,0,0,0,0,0,0,0,0,0,50,0,247,0,0,0,0,0,0,0,0,329,0,0,110,0,0,0,0,0,80,5,0,0,0,0,0,0,0,0,0,3,0,0,0,0,0,0,0,0,0,0,0,0,0,0,0,0,0,0,0,0,0,0,0,0,0,0,0,0,0,0,0,0,0,0,0,0,0,0
"Camiguin",0,0,0,0,0,0,0,0,0,0,0,0,0,0,0,0,0,0,0,0,0,0,0,0,0,0,0,0,0,0,0,0,0,0,0,0,0,0,0,0,668,0,0,0,0,0,0,0,0,0,0,0,0,0,0,0,0,0,0,0,0,0,0,0,0,0,0,0,0,0,0,0,0,0,0,0,0,0,0,0,0,0,0,0,0,0,0,0,0,0,0,0,0,0,0,0,0,0,0,0,0,0,0,0,0,0,0,0,0,0,0,0,0,0,0,0,0,0,0,0,0,0,0,0,0,0,0,0,0,0,0,0,0,0,0,0,0,0,0,0,0,0,0,0,0,0,0,0,0,0,0,0,0,0,0,0,0,0,0,0,0,0,0,0,0,0,0,0,0,0,0,0,0,0,0,0,0,0,0,0,0,0,0,0,0,0,0,0,0,0,0,0,0,0,0,0,0,0,0,0,0,0,0,0,0,0,0,0,0,0,0,0,0,0,0,0,0,0,0,0,0,0,0,0,0,0,0,0,0,0,0,0,0,0,0,0,0,0,0,0,0,0,0,0,0,0,0,0,135,0,11,0,0,0,0,0,0,0,0,0,0,0,0,0,0,0,8,0,0,0,0,0,0,0,30,0,0,0,0,0,0,0,264,0,0,0,0,0,20,0,30,0,0,0,0,0,0,0,0,0,0,0,0,0,365,0,0,0,0,0,0,0,0,0,0,0,0,128,0,0,0,0,0,0,0,0,0,856,0,467,0,0,0,0,0,0,0,0,0,0,0,0,0,0,0,0,0,0,0,0,0,0,0,0,0,0,54,0,0,0,0,0,0,0,0,0,0,0,0,2,0,0,0,0,0,0,0,0,0,1,0,0,0,0,0,0,0,0,0,0,0,0,0,0,0,0,0,0,0,0,0,0,0,0,0,0,0,0,0,0,0,0,0,109,95,0,0,0,29,0,0,0,0,0,0,0,0,0,0,0,0,0,0,0,0,0,0,0,0,0,0,0,0,134,0,0,0,0,0,0,0,0,0,0,0,0,0,0,0,0,0,0,0,0,0,0,0,0,1,89,0,0,0,0,0,0,0,0,0,0,0,0,0,0,0,0,0,0,0,0,0,0,0,0,0,41,0,0,0,0,0,0,0,0,0,0,0,0,0,0,0,0,0,14,0,0,0,0,0,0,0,0,0,0,0,0,0,0,0,0,0,0,0,0,0,0,0,0,0,0,0,0,0,0,0,0,0,0,0,35,0,0,0,0,0,0,0,0,0,0,0,0,0,0,0,0,0,0,0,0,0,133,0,0,0,0,0,0,0,0,0,0,0,248,64,0,0,46,0,0,0,0,0,0,0,0,0,0,0,0,183,0,0,0,0,0,0,0,0,0,0,0,293,0,0,5,0,0,0,0,0,0,0,0,0,0,0,0,0,0,315,0,0,0,0,0,0,0,0,0,10,0,0,111,0,0,0,0,0,0,0,0,0,0,0,0,0,0,0,31,0,0,0,0,0,0,0,0,0,0,0,2,0,0,0,0,0,0,0,0,0,0,0,0,0,0,0,313,0,0,0,245,0,0,0,0,0,0,0,0,0,0,0,0,0,0,0,0,0,0,0,0,0,0,249,0,48,0,0,0,0,0,0,0,0,0,0,0,0,0,0,0,0,0,0,0,196,0,0,0,0,0,0,0,685,0,0,0,0,0,0,0,0,0,0,0,26,0,0,0,0,0,23,0,0,0,0,6,0,0,0,0,0,20,0,0,0,0,0,0,0,0,0,3,0,0,0,0,0,0,0,0,0,0,0,0,0,0,0,136,0,0,0,0,0,0,0,0,0,0,0,0,0,0,0,0,0,0,0,0,0,0,0,0,0,0,0,143,0,0,0,0,0,0,0,0,0,0,1,0,0,0,0,0,117,0,0,0,0,0,12,0,0,0,0,0,0,0,0,0,1,0,0,0,0,0,0,0,0,0,0,143,0,0,0,0,0,0,0,0,0,0,50,0,0,0,0,0,0,125,0,0,81,0,0,0,0,0,0,0,0,0,0,0,0,120,0,30,0,0,0,120,0,0,0,462,0,0,0,0,0,0,0,0,0,0,0,0,0,0,0,0,0,0,1088,0,0,0,0,0,0,0,0,0,0,0,0,0,0,0,0,84,0,0,0,0,90,0,0,0,0,0,0,6,0,0,0,0,0,0,0,0,0,0,0,0,0,0,0,0,0,0,0,0,0,0,0,0,0,0,0,0,0,0,0,0,894,0,0,0,0,0
"Lombok",0,0,0,0,0,0,0,0,0,0,8,16,0,0,0,0,0,0,0,0,0,0,0,0,0,0,0,0,0,0,0,0,0,0,0,0,0,0,0,0,0,0,0,0,0,0,0,0,0,0,0,0,0,0,0,0,0,0,0,0,0,0,0,0,0,0,0,0,0,0,0,0,0,0,0,0,0,0,0,0,0,0,0,0,0,0,0,0,0,0,0,0,0,0,0,0,0,0,0,0,0,0,0,0,0,0,0,0,0,0,0,0,0,0,0,0,0,0,0,0,0,0,0,0,0,0,0,0,0,0,0,0,0,0,0,0,0,0,0,0,0,0,0,0,0,0,0,0,0,0,0,0,0,0,0,0,0,0,0,0,0,0,0,0,0,0,0,0,0,0,0,0,0,0,0,0,0,0,0,0,0,0,0,0,0,0,0,0,0,0,0,0,0,0,0,0,0,0,0,0,0,0,0,0,0,0,0,0,0,0,0,0,0,0,0,0,0,0,0,0,0,0,0,0,0,0,0,0,0,0,0,0,0,0,0,0,0,0,0,0,0,0,0,0,0,0,0,0,0,0,0,0,0,0,0,0,0,0,0,38,0,0,0,0,1,0,0,0,0,0,0,0,0,0,0,0,0,0,0,0,0,0,0,0,0,0,0,2,3,0,0,0,0,0,0,0,0,0,0,0,0,0,0,0,0,0,0,0,0,0,0,0,0,0,0,0,0,15,0,0,0,0,0,0,0,0,0,289,0,0,0,0,0,0,0,0,0,0,0,0,0,0,0,0,0,0,0,0,0,0,0,0,0,0,0,0,0,0,0,0,0,0,0,0,0,0,0,0,0,115,0,0,0,0,0,0,0,0,0,0,0,0,0,0,0,0,0,0,0,0,0,0,0,0,0,0,0,0,0,0,0,0,0,10,0,0,0,0,0,0,415,0,0,0,0,0,0,0,0,0,0,0,0,0,0,0,0,0,0,0,0,0,0,0,0,0,0,26,0,0,0,0,0,0,0,0,0,0,0,0,0,0,0,0,0,0,0,0,0,1,1,0,0,0,0,0,0,0,0,0,0,0,0,0,0,0,0,0,0,0,0,0,0,0,0,0,0,840,0,0,0,0,0,0,0,16,0,0,0,0,0,0,0,0,0,14,0,0,0,0,2,0,0,0,0,0,0,0,0,0,0,0,0,0,0,0,0,0,0,0,0,0,0,0,0,0,0,0,0,0,0,0,0,0,0,0,0,0,0,37,0,0,0,0,0,0,0,0,0,0,0,0,0,0,0,0,0,0,0,0,0,57,0,0,0,0,0,0,0,0,0,0,0,0,0,0,0,0,0,0,0,0,0,0,6,0,0,0,0,0,0,0,0,0,0,0,0,0,0,0,0,0,0,83,77,10,0,0,0,0,0,0,0,0,0,0,0,0,0,0,0,0,0,176,0,0,0,0,0,0,0,0,0,0,0,0,0,0,0,0,0,0,0,0,258,0,0,0,0,0,0,0,0,0,0,0,0,0,0,0,0,0,0,0,0,0,0,0,0,0,0,0,0,0,0,0,0,1,0,0,0,0,0,140,0,0,0,0,323,0,0,0,0,0,0,0,0,0,0,0,0,0,0,0,0,0,0,0,0,0,0,0,0,0,0,0,0,0,0,0,0,0,0,0,0,0,0,0,0,0,0,0,0,0,329,0,0,0,0,0,0,0,0,0,0,0,0,0,0,55,0,0,0,0,0,0,0,0,0,0,0,0,0,0,0,0,0,0,0,0,0,0,0,0,0,0,0,0,3,0,0,0,0,0,0,0,0,0,0,2,0,0,0,0,0,0,0,0,0,0,0,0,0,0,0,0,0,0,0,0,0,0,0,0,0,0,0,436,0,0,0,0,0,0,0,0,0,0,0,0,0,0,0,0,131,0,0,0,0,0,0,0,0,0,0,0,0,0,0,0,0,0,0,0,355,0,0,0,0,0,0,0,51,0,0,0,0,0,0,0,0,0,355,0,0,0,0,0,0,0,0,0,0,0,0,0,0,0,0,0,0,0,0,0,0,547,0,0,0,0,0,0,0,0,1,0,0,0,0,0,0,0,0,0,0,0,0,0,0,0,0,0,0,0,600,0,0,0,0,0,0,0,0,0,0,0,0,0,0,0,0,0,0,0,0,0,0,0,0,0,0,0,0,0,0,0,0,0,0,0,0,0,0,0,0,0,0,0,0,0,0,0,0,0,0,0,0,0,0,0,0,0,0,0,0,117,0,0,0,0,0,0
"Luzon",0,0,0,0,0,0,0,0,0,0,0,0,0,0,0,0,0,0,0,0,0,0,0,0,0,0,0,0,0,0,0,0,0,0,0,0,0,0,0,0,0,0,0,0,0,0,0,0,0,0,0,0,0,0,0,0,0,0,0,0,0,0,0,0,0,0,0,0,0,0,0,0,0,0,0,0,0,0,0,0,0,0,0,0,0,0,0,0,0,0,0,0,0,0,0,0,0,0,0,0,0,0,0,0,0,0,0,0,0,0,0,0,0,0,0,0,0,0,0,0,0,0,0,0,0,0,0,0,0,0,0,0,0,0,0,0,0,0,0,0,0,0,0,0,0,0,0,0,0,0,0,0,0,0,0,0,0,0,0,0,0,0,0,0,0,0,0,0,0,0,0,0,0,0,0,0,0,0,0,0,0,0,0,0,0,0,0,0,0,0,0,0,0,0,0,0,0,0,0,0,0,0,0,0,0,0,0,0,0,0,0,0,0,0,0,0,0,0,0,0,0,0,0,0,0,0,0,0,0,0,0,0,0,0,0,0,0,0,0,0,0,0,0,0,0,0,0,170,512,375,0,0,0,0,0,0,0,0,0,0,5,0,0,0,0,0,0,0,0,0,379,0,271,0,0,0,7,0,0,0,0,27,0,0,0,0,32,0,82,13,0,0,0,0,0,0,0,0,0,0,0,0,0,0,0,0,0,0,0,0,0,0,0,0,0,0,0,90,0,0,0,78,0,0,0,0,394,0,0,0,0,0,0,0,0,0,0,0,0,0,0,0,0,0,0,0,0,0,0,0,0,0,0,0,0,0,8,0,0,0,0,0,0,0,0,0,30,0,0,0,0,0,332,0,0,0,0,0,17,0,0,0,0,0,0,0,0,0,0,0,0,0,0,122,0,0,0,0,0,0,0,0,0,0,0,0,0,0,0,0,0,0,0,0,0,0,0,0,0,0,0,0,0,0,0,0,0,0,0,0,0,0,0,13,0,0,0,0,0,0,0,0,0,0,0,0,0,0,0,0,0,0,0,0,0,0,0,0,0,0,0,0,0,0,0,0,0,0,0,0,0,0,0,0,92,0,0,0,0,1,0,0,0,295,0,0,0,0,0,0,0,0,0,18,0,0,0,0,0,0,0,0,10,0,20,0,0,0,0,0,0,0,0,10,0,0,0,0,0,0,0,0,0,0,0,0,0,0,0,0,0,0,0,0,0,0,0,0,0,0,0,0,0,0,0,0,0,0,0,0,0,0,17,0,0,0,0,0,0,0,0,0,0,0,0,0,0,0,64,715,0,303,0,0,0,0,0,0,0,0,0,0,0,0,0,0,0,0,0,0,0,181,0,0,0,0,0,0,0,10,0,0,0,0,0,0,0,76,0,0,0,0,0,0,0,0,0,0,0,0,0,0,16,0,0,0,425,20,135,0,1085,0,0,0,0,0,0,0,0,0,0,0,0,0,0,0,0,0,0,0,0,0,0,0,0,0,0,0,0,0,0,0,0,0,0,0,0,0,0,0,0,130,0,0,70,0,0,8,0,0,225,31,0,0,0,0,0,25,0,0,31,0,0,0,0,0,0,0,0,0,0,0,0,0,0,0,0,0,0,0,0,0,0,0,0,0,0,0,0,0,0,0,0,0,0,0,0,0,0,0,0,0,0,0,0,0,10,0,0,0,0,0,0,0,0,0,0,10,0,0,0,0,0,0,0,0,0,0,35,0,0,0,0,40,0,0,0,0,0,1,0,37,0,0,0,0,0,0,0,7,0,0,0,0,0,0,0,0,0,0,0,0,0,0,0,0,0,0,0,0,0,0,0,0,0,0,0,0,0,0,0,0,0,0,0,0,0,0,398,0,0,0,0,0,0,0,0,0,0,0,0,0,0,0,0,110,0,0,0,51,113,0,0,0,0,0,0,0,0,0,0,0,0,2,0,0,0,0,0,0,0,0,0,0,0,0,0,0,0,0,0,0,0,0,0,0,0,0,0,0,0,0,0,0,0,0,20,1,0,0,0,80,0,0,975,0,0,0,642,431,0,0,0,0,0,0,0,0,0,0,0,0,0,0,0,0,0,0,0,0,110,0,0,0,0,0,0,0,47,0,0,0,0,0,272,0,0,0,0,0,0,0,0,0,25,1,0,0,0,7,244,0,0,266,0,0,0,0,0,1,0,0,0,0,0,0,0,0,0,0,0,0,0,0,0,0,0,0,0,0,0,0,0,0,0,0,0,268,0,0,0,0,0,0,0,0,0,0,0,0,0,0
"Mindanao",325,0,0,0,0,0,0,0,0,0,0,0,30,0,0,0,0,0,0,1,10,291,2,1,3,309,492,1,100,65,73,11,123,39,0,0,40,65,20,240,0,6,33,1,1,96,0,0,0,0,0,0,0,0,0,0,0,0,0,0,0,0,0,0,0,0,0,0,0,0,0,0,0,0,0,0,0,0,0,0,0,0,0,0,0,0,0,0,0,0,0,0,0,0,0,0,0,0,0,0,0,0,0,0,0,0,0,0,0,0,0,0,0,0,0,0,0,0,0,0,0,0,0,0,0,0,0,0,0,0,0,0,0,0,0,0,0,0,0,0,0,0,0,0,0,0,0,0,0,0,0,0,0,0,0,0,0,0,0,0,0,0,0,0,0,0,0,0,0,0,0,0,0,0,0,0,0,0,0,0,0,0,0,0,0,0,0,0,0,0,0,0,0,0,0,0,0,0,0,0,0,0,0,0,0,0,0,0,0,0,0,0,0,0,0,0,0,0,0,0,0,0,0,0,0,0,0,0,0,0,0,0,0,0,0,0,0,0,0,0,0,0,0,0,0,0,0,0,339,21,70,70,1415,30,0,0,0,0,0,0,0,118,227,0,78,0,0,75,0,0,0,0,21,0,20,73,0,0,0,0,0,107,0,144,0,3,87,5,0,91,0,285,0,0,0,0,0,0,0,0,0,0,0,0,507,345,53,0,4,99,46,173,41,0,60,0,43,110,822,0,4,0,0,0,0,0,223,170,28,326,411,0,196,0,102,1,0,0,0,0,0,0,0,0,0,0,0,0,0,0,0,0,0,1,34,0,0,32,50,0,15,67,0,132,3,64,0,0,0,0,0,0,651,1,0,420,42,71,0,1,0,0,532,0,31,82,0,5,3,0,0,0,0,0,0,0,0,0,15,0,0,0,0,0,0,30,0,0,43,20,179,0,391,469,72,778,0,62,0,0,570,0,0,0,0,0,0,0,0,0,0,275,0,0,0,20,0,0,0,0,1,0,96,0,195,0,8,0,40,0,25,0,0,0,0,0,0,0,0,0,3,7,20,141,0,401,0,138,4,473,129,42,0,63,0,17,0,0,0,0,410,0,107,118,0,0,0,325,459,25,0,127,0,0,72,382,100,0,0,1,0,0,0,0,120,0,114,0,11,0,0,0,0,128,6,0,0,0,0,0,0,0,0,0,0,0,0,0,0,50,0,0,0,0,0,0,0,0,0,0,0,0,0,2,0,0,0,0,0,1,187,0,130,72,0,0,0,0,2,0,0,0,0,0,75,0,209,342,0,0,381,109,1,0,0,175,37,1,459,0,0,832,18,29,484,0,0,0,78,0,47,9,0,17,0,0,0,0,0,111,96,0,50,835,22,1,0,0,287,50,12,35,0,0,0,1705,0,346,10,135,0,5,0,445,490,135,0,130,266,0,1026,560,37,0,3,2,0,7,0,0,212,0,0,2,0,0,0,0,509,0,0,4,0,7,0,0,211,0,0,49,0,0,0,0,2,133,0,0,60,131,0,0,0,0,0,59,1,149,5,0,0,38,3,525,295,622,511,234,2,162,30,0,0,47,3,110,3,0,0,7,0,0,0,0,0,0,0,9,0,226,67,0,0,0,42,0,911,0,301,0,20,0,5,1,0,0,0,0,0,0,0,71,0,0,0,450,0,0,0,0,0,0,0,90,0,0,0,0,21,0,0,0,783,59,0,0,1087,0,841,0,15,7,1067,10,0,0,0,12,1,84,1,0,0,262,0,0,0,26,0,3,0,80,0,0,323,14,0,0,0,0,21,437,370,0,1463,106,25,17,0,0,0,31,0,0,0,0,0,0,0,0,0,0,702,0,0,3,5,0,224,0,0,0,0,0,0,0,0,233,0,0,0,0,0,10,135,0,0,0,0,0,50,1,46,433,755,755,0,30,0,0,0,34,0,60,0,0,0,0,0,150,0,0,0,0,2,0,50,0,14,0,7,3,12,0,0,0,0,0,0,0,0,0,40,0,612,452,0,51,0,0,182,6,302,40,0,0,0,0,156,0,332,0,0,1,0,1055,0,0,27,0,619,604,0,0,259,616,0,706,0,25,0,0,0,0,27,0,3,16,0,103,0,68,0,0,233,0,192,0,165,0,297,105,351,88,310,425,0,112,454,328,1255,368,0,371,120,90,160,2,37,0,0,0,0,0,0,5,17,1,0,81,0,0,0,0,0,0,0,0,0,0,286,275,0,301,20,158,1,10,26,76,0,0,0,32,156,0,0,0,0,0,0,0
"Panay",0,0,0,0,0,0,0,0,0,0,0,0,0,0,0,0,0,0,0,0,0,0,0,0,0,0,0,0,0,0,0,0,0,0,9,87,0,0,0,0,0,0,0,0,0,0,0,0,0,0,0,0,0,0,0,0,0,0,0,0,0,0,0,0,0,0,0,0,0,0,0,0,0,0,0,0,0,0,0,0,0,0,0,0,0,0,0,0,0,0,0,0,0,0,0,0,0,0,0,0,0,0,0,0,0,0,0,0,0,0,0,0,0,0,0,0,0,0,0,0,0,0,0,0,0,0,0,0,0,0,0,0,0,0,0,0,0,0,0,0,0,0,0,0,0,0,0,0,0,0,0,0,0,0,0,0,0,0,0,0,0,0,0,0,0,0,0,0,0,0,0,0,0,0,0,0,0,0,0,0,0,0,0,0,0,0,0,0,0,0,0,0,0,0,0,0,0,0,0,0,0,0,0,0,0,0,0,0,0,0,0,0,0,0,0,0,0,0,0,0,0,0,0,0,0,0,0,0,0,0,0,0,0,0,0,0,0,0,0,0,0,0,0,0,0,0,0,8,132,0,0,0,0,0,0,0,0,0,0,0,0,0,0,0,1,0,0,0,74,0,0,8,0,0,0,0,0,0,18,0,0,0,0,0,0,0,116,0,180,7,0,0,0,0,0,0,0,0,0,0,0,0,0,0,103,0,0,0,0,0,0,0,0,79,136,0,1629,2,0,0,0,4,0,0,122,0,0,11,0,0,0,0,458,0,0,0,0,0,0,0,0,0,0,0,0,0,0,0,0,0,0,0,0,0,0,0,0,0,0,0,0,0,0,0,0,0,0,6,0,0,0,0,0,0,0,0,17,0,0,0,0,0,0,0,0,0,0,0,0,0,0,10,0,0,0,0,0,0,0,0,0,0,0,0,0,171,0,0,0,0,0,18,0,0,35,0,0,0,0,0,0,0,0,0,0,0,0,0,0,0,0,0,0,1057,0,0,0,0,0,0,0,0,0,0,31,0,0,0,0,0,0,0,0,0,0,0,0,0,0,0,0,0,0,0,0,0,534,0,1,0,0,0,0,0,0,0,0,0,0,0,0,0,0,0,139,0,0,0,0,0,0,0,0,0,0,0,0,0,0,191,0,0,0,0,0,0,0,0,0,0,0,0,0,0,0,0,0,0,0,0,0,0,0,0,0,0,0,0,0,0,0,0,0,0,0,0,0,0,0,0,0,0,0,0,0,0,0,0,0,0,113,0,0,0,0,0,0,0,0,0,0,0,0,0,0,0,395,440,19,0,0,0,0,0,0,0,0,0,0,0,0,90,0,30,0,0,0,0,0,0,0,300,0,0,0,0,77,0,0,0,14,0,0,0,1,0,0,0,0,0,0,0,0,0,0,202,0,88,0,0,0,0,0,173,0,0,0,19,0,0,95,0,0,0,0,0,0,0,0,0,110,0,0,0,0,0,0,0,0,0,0,0,0,0,0,0,35,0,0,0,0,0,0,0,0,0,0,0,0,0,0,0,1,0,0,0,0,0,0,0,0,0,0,0,0,6,0,0,0,0,0,0,0,0,0,0,0,0,0,0,0,0,0,0,0,0,0,0,0,0,0,0,0,0,0,0,0,0,10,0,0,0,0,0,0,0,0,0,0,0,0,0,1,0,0,0,118,0,0,0,131,636,0,391,0,0,0,0,0,0,82,0,0,0,0,0,0,0,354,0,0,0,0,0,0,0,0,0,0,20,0,40,0,0,6,0,0,0,0,0,0,0,0,0,0,0,0,0,0,0,0,0,0,0,0,0,0,0,18,0,0,0,0,0,157,0,0,0,0,0,0,0,0,60,0,0,1,0,231,0,0,0,0,0,0,0,0,80,0,0,0,0,0,0,0,0,0,0,0,0,0,0,0,307,43,0,0,0,0,0,50,0,0,432,0,0,0,0,1,0,0,0,0,0,0,0,0,0,0,0,0,51,101,0,0,0,0,0,0,0,0,0,0,149,85,0,0,0,0,0,0,0,4,0,0,322,0,0,188,0,0,0,0,1,30,0,0,0,0,0,36,0,0,0,0,0,0,0,0,0,0,4,0,0,0,0,0,0,0,0,37,0,0,24,477,0,0,0,0,0,0,0,0,0,0,0,0,0,0,0,0,0,0,5,0,0,0,109,0,0,165,0,0,0,0,0,0,0,0,0,0,0,0,0,0,0,0,0,0,0,0,0,0,0,0,0,0,95,0,0,0,40,0,0,0,0,0,0,0,0,0,0
"Papua",0,0,0,0,0,0,0,0,0,0,0,0,0,0,0,0,0,0,0,0,0,0,0,0,0,0,0,0,0,0,0,0,0,0,0,0,0,0,0,0,0,0,0,0,0,0,0,450,30,630,54,782,72,52,110,20,40,60,2,300,4,772,16,24,60,148,86,1872,452,8,4,184,382,692,102,8,2,4,52,2,176,268,8,420,48,22,114,2,1900,26,920,30,4,2,16,398,20,40,10,2,26,566,2,20,96,148,144,90,1506,6,6,4,1230,72,1980,234,4,1330,20,264,1338,4,66,4,36,30,72,2,198,124,2,2,28,18,314,1544,2,26,22,6,124,2,2,86,6,4,16,600,6,2,6,4,94,172,10,10,80,2,8,28,2,16,8,4,6,8,32,26,2,4,2,38,2,106,2,510,2,4,14,240,2,20,140,522,320,6,2,6,4,2,24,8,2,40,2,2,4,2,2,8,2,4,2,2,4,4,2,2,16,32,10,2,6,4,4,2,52,70,2,22,24,8,3740,16,4,2,2,4,14,100,2,40,4,2,58,2,2,24,2,2,2,2,0,0,0,0,0,0,0,0,0,0,0,0,0,0,0,0,0,0,0,0,0,0,0,0,0,0,0,0,0,0,0,0,0,0,0,0,0,0,0,0,0,0,0,0,0,0,0,0,0,0,0,0,0,0,0,0,0,0,0,0,0,0,0,0,0,0,0,0,0,0,0,0,0,0,0,0,0,0,0,0,0,0,0,0,0,0,0,0,0,0,0,0,0,0,0,0,0,0,0,0,0,0,0,0,0,0,0,0,0,0,0,0,0,0,0,0,0,0,0,0,0,0,0,0,0,0,0,0,0,0,0,0,0,0,0,0,0,0,0,0,0,0,0,0,0,0,0,0,0,0,0,0,0,0,0,0,0,0,0,0,0,0,0,0,0,0,0,0,0,0,0,0,0,0,0,0,0,0,0,0,0,0,0,0,0,0,0,0,0,0,0,0,0,0,0,0,0,0,0,0,0,0,0,0,0,0,0,0,0,0,0,0,0,0,0,0,0,0,0,0,0,0,0,0,0,0,0,0,0,0,0,0,0,0,0,0,0,0,0,0,0,0,0,0,0,0,0,0,0,0,0,0,0,0,0,0,0,0,0,0,0,0,0,0,0,0,0,0,0,0,0,0,0,0,0,0,0,0,0,0,0,0,0,0,0,0,0,0,0,0,0,0,0,0,0,0,0,0,0,0,0,0,0,0,0,0,0,0,0,0,0,0,0,0,0,0,0,0,0,0,0,0,0,0,0,0,0,0,0,0,0,0,0,0,0,0,0,0,0,0,0,0,0,0,0,0,0,0,0,0,0,0,0,0,0,0,0,0,0,0,0,0,0,0,0,0,0,0,0,0,0,0,0,0,0,0,0,0,0,0,0,0,0,0,0,0,0,0,0,0,0,0,0,0,0,0,0,0,0,0,0,0,0,0,0,0,0,0,0,0,0,0,0,0,0,0,0,0,0,0,0,0,0,0,0,0,0,0,0,0,0,0,0,0,0,0,0,0,0,0,0,0,0,0,0,0,0,0,0,0,0,0,0,0,0,0,0,0,0,0,0,0,0,0,0,0,0,0,0,0,0,0,0,0,0,0,0,0,0,0,0,0,0,0,0,0,0,0,0,0,0,0,0,0,0,0,0,0,0,0,0,0,0,0,0,0,0,0,0,0,0,0,0,0,0,0,0,0,0,0,0,0,0,0,0,0,0,0,0,0,0,0,0,0,0,0,0,0,0,0,0,0,0,0,0,0,0,0,0,0,0,0,0,0,0,0,0,0,0,0,0,0,0,0,0,0,0,0,0,0,0,0,0,0,0,0,0,0,0,0,0,0,0,0,0,0,0,0,0,0,0,0,0,0,0,0,0,0,0,0,0,0,0,0,0,0,0,0,0,0,0,0,0,0,0,0,0,0,0,0,0,0,0,0,0,0,0,0,0,0,0,0,0,0,0,0,0,0,0,0,0,0,0,0,0,0,0,0,0,0,0,0,0,0,0,0,0,0,0,0,0,0,0,0,0,0,0,0,0,0,0,0,0,0,0,0,0,0,0,0,0,0,0,0,0,0,0,0,0,0,0,0,0,0,0,0,0,0,0,0,0,0,0,0,0,0,0,0,0,0,0,0,0,0,0,0,0,0,0,0,0,0,0,0,0,0,0,0,0,0,0,0,0,0,0,0,0,0,0,0,0,0,0,0,0,0,0,0,0,0,0,0,0,0,0,0,0,0,0,4
"Seram",0,0,0,0,0,0,2,1057,110,6,0,0,0,0,0,0,0,0,0,0,0,0,0,0,0,0,0,0,0,0,0,0,0,0,0,0,0,0,0,0,0,0,0,0,0,0,0,0,0,0,0,0,0,0,0,0,0,0,0,0,0,0,0,0,0,0,0,0,0,0,0,0,0,0,0,0,0,0,0,0,0,0,0,0,0,0,0,0,0,0,0,0,0,0,0,0,0,0,0,0,0,0,0,0,0,0,0,0,0,0,0,0,0,0,0,0,0,0,0,0,0,0,0,0,0,0,0,0,0,0,0,0,0,0,0,0,0,0,0,0,0,0,0,0,0,0,0,0,0,0,0,0,0,0,0,0,0,0,0,0,0,0,0,0,0,0,0,0,0,0,0,0,0,0,0,0,0,0,0,0,0,0,0,0,0,0,0,0,0,0,0,0,0,0,0,0,0,0,0,0,0,0,0,0,0,0,0,0,0,0,0,0,0,0,0,0,0,0,0,0,0,0,0,0,0,0,0,0,0,0,0,0,0,0,0,0,0,0,0,0,0,0,0,0,0,0,0,0,0,0,0,0,57,0,0,0,0,0,0,0,0,0,0,0,17,297,0,0,0,0,0,0,0,13,0,0,0,0,0,0,0,0,0,0,0,0,0,0,200,0,6,0,0,0,0,0,0,0,0,0,0,0,0,0,24,0,0,0,0,0,0,0,0,0,0,0,0,129,50,0,0,0,240,0,0,817,0,3888,0,354,0,0,0,0,0,0,0,0,0,0,0,0,0,0,0,0,0,0,0,0,0,0,0,0,0,0,0,0,0,0,6,0,0,0,0,20,0,0,0,295,0,0,0,0,0,0,2,0,0,0,0,0,0,0,0,0,0,0,0,0,0,0,0,0,0,0,0,0,31,0,0,0,0,0,0,24,0,0,0,0,127,0,0,0,0,0,0,0,0,0,0,0,0,0,0,0,0,0,0,0,0,4,0,0,0,0,0,1,0,0,0,248,0,0,0,6,0,0,0,0,0,0,0,0,0,0,0,0,0,0,0,0,0,0,0,0,0,0,0,90,0,0,0,102,0,0,0,0,0,0,0,0,0,0,0,0,0,0,0,0,0,0,0,0,0,100,0,0,0,0,0,0,0,0,0,0,0,0,0,4,0,0,0,0,0,0,0,0,0,0,0,0,0,0,0,0,0,0,0,0,0,0,0,0,0,0,0,0,0,0,0,0,0,0,0,0,0,0,0,229,37,0,0,0,0,0,0,0,0,0,0,0,0,0,0,0,0,0,0,0,0,560,0,0,0,0,0,0,0,0,0,0,2438,0,0,0,0,0,0,0,0,0,0,0,510,0,0,0,0,16,0,0,77,133,0,0,0,0,0,0,0,0,0,0,101,370,0,0,0,0,0,0,0,0,0,0,0,0,17,0,0,0,0,0,0,0,0,0,0,0,64,0,0,0,0,0,0,0,0,0,0,0,0,0,0,0,0,0,0,0,0,10,0,0,0,0,1,1,0,0,0,0,0,0,0,0,0,0,0,0,0,0,0,0,0,0,0,447,0,0,0,0,0,19,0,0,0,0,59,0,1,0,0,0,0,0,0,0,0,0,0,0,0,0,0,0,840,785,0,67,0,0,0,0,0,0,0,0,0,0,0,0,0,0,0,24,0,0,0,0,0,0,0,0,26,0,0,0,0,1152,0,0,1,0,0,0,10,0,0,3449,0,0,786,553,0,0,0,12,0,0,0,0,0,24,0,0,0,0,37,0,0,0,3,1,0,0,0,98,0,0,0,0,0,0,0,0,0,0,0,50,0,0,1,0,0,0,45,0,0,0,0,0,0,0,0,0,0,0,0,0,0,0,0,0,0,0,0,60,0,0,0,0,0,0,0,0,1,0,75,0,0,0,0,0,348,0,42,0,0,6,0,0,0,0,0,0,0,0,0,0,0,0,0,0,775,0,0,0,0,0,0,0,2,0,0,0,0,0,0,0,0,0,0,0,0,0,0,0,0,3,0,0,0,0,0,0,0,0,0,0,0,0,0,0,0,555,0,25,147,0,0,0,0,0,103,62,0,0,0,0,0,0,0,0,2,0,0,0,0,0,0,0,0,0,51,0,0,0,0,4,0,0,0,5,0,0,181,0,0,0,0,0,0,0,42,0,0,0,0,0,0,0,0,86,0,0,0,0,36,0,0,0,0,0,0,0,0,0,0,0,0,0,0,0,0,0,0,0,0,0,0,423,98,0,0,439,0,0,0,0,0,0
"Sibuyan",0,0,0,0,0,0,0,0,0,0,0,0,0,0,0,0,0,0,0,0,0,0,0,0,0,0,0,0,0,0,0,0,0,0,0,0,0,0,0,0,0,0,0,0,0,0,0,0,0,0,0,0,0,0,0,0,0,0,0,0,0,0,0,0,0,0,0,0,0,0,0,0,0,0,0,0,0,0,0,0,0,0,0,0,0,0,0,0,0,0,0,0,0,0,0,0,0,0,0,0,0,0,0,0,0,0,0,0,0,0,0,0,0,0,0,0,0,0,0,0,0,0,0,0,0,0,0,0,0,0,0,0,0,0,0,0,0,0,0,0,0,0,0,0,0,0,0,0,0,0,0,0,0,0,0,0,0,0,0,0,0,0,0,0,0,0,0,0,0,0,0,0,0,0,0,0,0,0,0,0,0,0,0,0,0,0,0,0,0,0,0,0,0,0,0,0,0,0,0,0,0,0,0,0,0,0,0,0,0,0,0,0,0,0,0,0,0,0,0,0,0,0,0,0,0,0,0,0,0,0,0,0,0,0,0,0,0,0,0,0,0,0,0,0,0,0,0,0,0,1,0,0,0,0,0,0,0,0,0,0,0,0,0,0,0,0,0,0,0,0,0,0,0,0,0,0,0,0,0,0,0,0,0,0,0,0,0,0,0,0,0,0,0,0,0,0,0,0,0,0,0,0,0,0,0,0,0,0,0,0,0,0,0,0,0,0,0,1,0,0,0,0,0,0,0,0,0,0,0,0,0,0,0,0,0,0,0,0,0,0,0,0,0,0,0,0,0,0,0,0,0,0,0,0,0,0,7,0,0,0,0,0,0,0,0,0,0,0,0,0,0,0,0,0,0,0,0,0,27,0,0,0,0,0,0,0,0,0,0,0,0,0,0,0,0,0,0,0,0,0,0,0,0,0,0,0,0,0,0,0,0,0,0,27,0,0,0,0,0,0,0,0,0,0,0,0,0,0,0,0,0,0,0,0,0,0,0,0,0,0,0,0,0,0,0,0,0,0,0,0,0,0,0,0,0,0,0,0,0,0,0,15,0,0,0,0,0,0,0,0,0,0,0,0,0,0,0,0,0,0,0,0,0,0,0,0,0,0,0,0,0,0,0,336,0,0,0,0,0,0,0,0,0,0,0,0,0,0,0,0,0,0,0,0,0,0,0,0,0,0,0,0,0,0,0,0,0,0,0,0,0,0,0,0,0,0,0,0,0,0,0,0,0,0,0,0,0,0,0,0,0,0,0,0,0,0,0,0,0,0,0,0,0,0,0,0,0,0,0,291,0,0,0,0,0,0,0,0,0,0,0,0,0,0,0,0,0,0,0,0,0,0,0,0,0,0,0,0,0,0,334,0,0,0,0,0,0,0,0,0,0,0,0,0,0,501,0,10,0,0,0,0,0,0,0,0,0,0,0,0,410,0,0,0,0,0,0,0,0,0,0,0,0,0,0,0,0,0,0,0,0,0,0,0,0,0,0,0,0,0,0,0,0,0,0,0,0,0,0,0,55,0,0,0,0,0,515,0,0,0,0,0,0,0,2,0,0,0,0,0,0,0,0,0,0,0,0,0,0,0,0,0,0,0,0,0,0,0,0,0,0,0,0,0,0,0,0,0,0,0,0,0,0,0,0,0,0,0,0,0,0,0,0,0,0,0,0,0,0,0,0,0,0,0,0,0,0,0,0,0,0,0,0,0,0,0,0,0,0,2,0,0,0,0,0,0,0,0,0,0,0,336,705,0,0,0,0,0,0,0,0,0,0,0,0,0,0,0,0,0,0,0,0,0,0,0,0,0,0,0,0,0,0,0,0,0,0,0,0,0,0,0,0,0,0,0,0,0,0,0,0,0,0,0,0,0,0,0,0,0,0,0,0,0,0,0,0,51,0,0,0,0,0,0,0,0,0,0,0,0,0,0,0,0,0,0,0,0,0,0,0,0,0,0,0,0,0,0,0,0,0,0,0,0,0,0,0,0,0,0,0,0,0,0,0,0,0,0,0,0,0,20,0,0,0,0,0,0,745,0,0,1367,170,0,0,0,0,0,0,0,0,0,0,0,0,54,0,0,68,0,0,0,160,0,0,139,0,0,297,0,0,0,0,0,0,0,0,0,0,0,0,0,0,0,0,0,0,0,0,0,0,0,0,422,0,0,0,0,0,0,0,0,0,0,0,0,0,0,0,0,0,0,0,0,0,0,0,0,0,0,0,0,0,0,0,0,0,8,0,0,0,0,0,0,0,0,0,0,0,0,0,0
"Sulawesi",0,12,4,0,0,0,0,0,0,0,0,0,0,0,0,0,0,0,0,0,0,0,0,0,0,0,0,0,0,0,0,0,0,0,0,0,0,0,0,0,0,0,0,0,0,0,16,0,0,0,0,0,0,0,0,0,0,0,0,0,0,0,0,0,0,0,0,0,0,0,0,0,0,0,0,0,0,0,0,0,0,0,0,0,0,0,0,0,0,0,0,0,0,0,0,0,0,0,0,0,0,0,0,0,0,0,0,0,0,0,0,0,0,0,0,0,0,0,0,0,0,0,0,0,0,0,0,0,0,0,0,0,0,0,0,0,0,0,0,0,0,0,0,0,0,0,0,0,0,0,0,0,0,0,0,0,0,0,0,0,0,0,0,0,0,0,0,0,0,0,0,0,0,0,0,0,0,0,0,0,0,0,0,0,0,0,0,0,0,0,0,0,0,0,0,0,0,0,0,0,0,0,0,0,0,0,0,0,0,0,0,0,0,0,0,0,0,0,0,0,0,0,0,0,0,0,0,0,0,0,0,0,0,0,0,0,0,0,0,0,0,0,6,12,170,167,2,0,0,0,0,0,14,0,0,0,0,0,0,0,0,0,0,0,0,12,0,0,5,49,0,0,17,0,0,0,0,0,0,306,0,0,0,0,0,0,0,235,0,0,0,0,0,0,0,0,0,0,0,0,0,0,0,0,112,0,0,0,0,0,0,0,0,0,0,0,0,398,0,0,0,0,0,0,0,0,0,2445,0,0,0,0,0,0,0,0,0,0,0,0,0,0,0,0,0,0,0,0,0,0,0,0,0,0,0,0,0,0,0,0,4,0,0,0,0,0,0,0,190,0,0,0,0,0,0,0,29,0,0,0,0,0,0,0,0,0,8,0,0,0,0,0,0,0,0,0,0,0,0,0,0,0,0,0,0,0,0,0,0,0,9,0,0,23,2,0,0,0,0,0,0,0,0,0,0,0,0,0,0,0,0,153,0,0,0,0,0,0,0,0,0,0,0,0,0,0,0,0,0,0,0,0,0,0,0,0,0,0,0,0,0,0,0,521,0,0,0,0,0,0,0,0,0,0,0,0,0,50,0,0,0,0,0,0,0,0,0,15,0,0,0,0,0,0,0,297,0,75,0,0,0,0,0,0,0,0,0,0,0,0,126,0,0,0,0,0,0,0,0,0,0,0,0,0,0,0,0,0,0,0,0,0,0,0,0,0,0,0,0,0,0,0,0,0,0,0,0,0,0,461,0,0,0,0,0,0,0,0,0,0,0,0,0,0,0,0,0,0,0,0,0,269,0,0,0,0,0,0,0,0,0,0,0,0,1059,0,145,0,0,0,0,0,0,0,14,0,0,2,81,4,25,0,0,447,0,0,0,0,0,0,0,0,0,0,0,10400,0,0,0,0,0,0,0,0,0,0,0,0,0,0,0,0,0,0,0,0,0,0,0,0,0,0,0,0,0,0,0,0,0,0,0,0,0,0,8,0,0,0,0,0,12,0,0,0,0,60,0,0,0,0,0,0,0,0,0,0,0,0,0,0,0,0,0,0,0,0,0,413,0,0,0,617,190,0,0,0,0,0,0,0,0,0,0,0,0,0,0,0,0,0,0,6,0,0,0,0,0,0,0,0,0,0,0,0,0,0,0,0,0,0,0,0,0,0,0,0,0,0,0,0,0,0,0,0,618,0,0,0,0,0,0,0,0,0,0,0,0,50,0,406,0,0,678,0,0,0,0,9,0,0,59,0,0,20,92,0,0,112,0,0,0,0,0,16,0,0,6,0,31,0,0,0,0,0,0,0,0,0,0,278,0,0,0,40,0,19,0,0,0,0,0,0,0,0,0,0,0,0,0,0,0,0,0,0,0,0,0,0,0,0,0,0,0,0,0,0,0,0,147,0,0,0,0,0,0,0,0,0,0,22,0,0,0,0,0,0,0,0,0,0,0,0,0,0,355,0,0,0,0,10,0,0,8,0,0,0,1,0,9,0,0,0,110,0,0,0,0,0,0,0,0,0,78,0,0,0,0,0,0,0,0,0,0,0,0,261,0,0,606,413,75,0,0,0,0,875,0,0,0,0,0,0,0,23,0,0,0,0,0,0,0,0,0,0,457,0,0,0,0,0,0,0,0,616,0,0,0,0,0,0,0,170,0,0,0,0,0,0,0,0,0,0,0,0,0,0,5,0,0,0,0,0,0,0,0,0,0,0,0,0,0,0,0,0,0,0,0,0,0,210,71,0,0,0,0,157,0,0,0,0,0,0
"Tidore",0,0,0,0,0,0,0,0,0,0,0,0,0,0,0,15,264,265,312,0,0,0,0,0,0,0,0,0,0,0,0,0,0,0,0,0,0,0,0,0,0,0,0,0,0,0,0,0,0,0,0,0,0,0,0,0,0,0,0,0,0,0,0,0,0,0,0,0,0,0,0,0,0,0,0,0,0,0,0,0,0,0,0,0,0,0,0,0,0,0,0,0,0,0,0,0,0,0,0,0,0,0,0,0,0,0,0,0,0,0,0,0,0,0,0,0,0,0,0,0,0,0,0,0,0,0,0,0,0,0,0,0,0,0,0,0,0,0,0,0,0,0,0,0,0,0,0,0,0,0,0,0,0,0,0,0,0,0,0,0,0,0,0,0,0,0,0,0,0,0,0,0,0,0,0,0,0,0,0,0,0,0,0,0,0,0,0,0,0,0,0,0,0,0,0,0,0,0,0,0,0,0,0,0,0,0,0,0,0,0,0,0,0,0,0,0,0,0,0,0,0,0,0,0,0,0,0,0,0,0,0,0,0,0,0,0,0,0,0,0,0,0,0,0,0,0,0,0,0,0,0,0,0,0,0,0,0,0,0,0,0,0,0,0,72,6,0,0,0,0,0,0,0,0,0,0,0,0,0,0,0,0,0,0,0,0,0,11,38,0,310,0,0,0,0,0,0,0,0,0,0,0,0,0,0,0,0,0,0,0,0,0,0,0,0,0,0,1,0,0,0,0,0,0,0,0,0,616,0,0,0,0,0,0,0,0,0,0,0,0,0,0,0,0,0,0,0,0,0,0,0,0,0,0,0,0,0,0,0,0,0,0,0,0,0,0,0,0,0,0,0,0,0,0,0,0,1,0,0,0,0,0,0,6,0,0,0,0,0,0,0,0,0,0,0,0,0,0,0,0,0,0,0,0,0,0,0,0,0,0,0,0,0,0,0,0,0,0,0,0,0,0,0,0,0,0,0,0,0,0,0,0,0,0,0,0,0,116,12,0,0,0,0,0,0,0,0,0,0,0,0,0,0,0,0,0,0,0,0,0,0,0,0,0,0,0,0,0,0,0,0,0,0,0,0,0,0,0,0,0,0,0,0,0,0,0,0,0,0,0,0,0,0,0,0,0,0,9,0,0,0,0,0,0,0,0,0,0,0,0,0,3,0,0,0,0,0,0,0,0,0,0,0,0,0,0,0,0,0,0,0,0,0,0,0,0,0,0,0,0,0,0,0,0,0,0,0,0,0,0,0,0,0,0,0,0,0,0,0,0,0,0,0,0,0,0,0,0,0,0,0,232,0,0,0,0,0,0,0,0,0,0,0,0,0,0,0,0,0,0,0,0,0,0,0,0,0,0,0,0,245,30,0,155,0,0,0,0,0,0,0,0,0,0,0,0,0,0,0,0,0,0,0,0,0,0,0,0,0,0,0,0,0,0,0,0,0,0,0,15,0,0,0,0,52,0,0,0,0,0,0,0,0,0,1,0,0,0,0,0,0,0,0,0,0,0,0,0,0,0,0,0,0,0,0,0,0,0,0,0,0,0,0,0,0,0,0,467,0,0,0,0,0,0,0,0,0,0,0,0,0,0,0,0,0,0,0,0,0,0,0,0,0,0,0,0,0,0,0,20,0,0,0,0,0,0,0,0,0,0,0,0,0,0,0,0,0,0,0,0,0,0,0,0,0,0,0,0,0,0,0,0,0,0,0,0,0,0,0,200,0,0,0,0,0,0,0,3,0,0,0,0,0,0,0,0,0,0,0,0,0,0,0,0,0,0,0,0,45,0,0,0,0,0,0,0,20,0,0,0,0,0,0,0,0,0,0,240,0,0,0,0,0,0,0,0,0,0,0,0,0,0,0,0,0,0,0,488,0,0,0,0,0,0,0,0,0,0,0,0,0,0,0,0,34,0,0,0,0,0,0,0,0,0,0,0,0,0,0,0,0,0,0,0,97,0,0,0,0,0,0,108,0,0,0,0,0,0,0,0,0,0,0,0,0,0,0,0,0,0,0,0,0,0,0,0,0,0,0,0,0,0,0,0,0,190,0,0,115,0,0,0,57,0,0,0,0,0,0,0,0,0,0,0,6,0,0,0,0,0,0,0,0,0,3252,0,0,0,0,0,0,0,0,0,0,0,0,0,0,0,0,0,0,0,0,0,0,0,0,7,0,0,0,0,0,0,0,0,0,0,0,0,0,0,0,0,0,0,0,0,0,0,0,0,0,0,0,0,0,0,0,0,0,0,0,0,0,0,0,0,0,0
